id,nome,publicador,url_origem,url_landing,coletado_em,sha256,tamanho_bytes,licenca,granularidade,periodo,confianca,status,camada,usado_em,limitacoes,arquivo_local,url_copia
auditoria_pesquisas,Auditoria de pesquisas eleitorais contra o registro oficial do TSE (PesqEle),TSE (Dados Abertos) / Análise própria,https://dadosabertos.tse.jus.br/dataset/pesquisas-eleitorais-2026,https://dadosabertos.tse.jus.br/dataset/pesquisas-eleitorais-2026,2026-10-05T05:07:35Z,,0,CC-BY,pesquisa individual (112 pesquisas auditadas: 56 1T + 56 2T),campanha eleitoral 2026 (agosto a outubro),alta,verificada,auditoria de insumos,data/processed/auditoria_pesquisas.csv; verificação de integridade das pesquisas de 1º e 2º turno,Amostra planejada no registro do TSE pode diferir em até ~1-3% da amostra final realizada em campo.,,
base_dos_dados_municipios,"Diretório de Municípios Brasileiros (TSE, IBGE, SIAFI)",Base dos Dados,https://storage.googleapis.com/basedosdados-public/one-click-download/br_bd_diretorios_brasil/municipio/municipio.csv.gz,https://basedosdados.org/dataset/br-bd-diretorios-brasil,2026-10-05T05:10:56Z,,271657,MIT / Open Data,município (5.571 municípios),versão atualizada com instalação de Boa Esperança do Norte (2024/2026),alta,verificada,,data/external/municipios_chaves.csv; cruzamento entre códigos TSE e IBGE,Exterior (ZZ) não possui código IBGE correspondente.,,
bcb_focus,Expectativas de Mercado (Relatório Focus / Olinda OData),Banco Central do Brasil,https://olinda.bcb.gov.br/olinda/servico/Expectativas/versao/v1/odata/ExpectativasMercadoAnuais?$filter=(Indicador%20eq%20'IPCA'%20or%20Indicador%20eq%20'C%C3%A2mbio'%20or%20Indicador%20eq%20'PIB%20Total'%20or%20Indicador%20eq%20'Selic')%20and%20(DataReferencia%20eq%20'2026'%20or%20DataReferencia%20eq%20'2027')%20and%20baseCalculo%20eq%200&$orderby=Data%20desc&$top=500&$format=json,https://www.bcb.gov.br/publicacoes/focus,2026-10-05T05:15:13Z,,109680,Dados Abertos BCB,nacional (pesquisa diária com instituições financeiras),2025 a outubro de 2026,alta,verificada,,"data/ledger/observacoes.csv; expectativas point-in-time de inflação, juros, PIB e câmbio","Reflete expectativas do mercado financeiro, que podem divergir do comportamento do eleitor médio.",,
bcb_sgs,Sistema Gerenciador de Séries Temporais (BCB SGS),Banco Central do Brasil,https://api.bcb.gov.br/dados/serie/bcdata.sgs.<code>/dados,https://www3.bcb.gov.br/sgspub/,2026-10-05T05:15:02Z,,0,Dados Abertos BCB (livre utilização),nacional (diária/mensal),2018 a outubro de 2026,alta,verificada,,data/ledger/observacoes.csv; séries macroeconômicas de conjuntura,SGS sobrescreve séries com valores revisados; não preserva histórico de revisões point-in-time.,,
datafolha_aprovacao_rejeicao,"Série primária de avaliação, aprovação e rejeição presidencial (Datafolha 2026)",Datafolha / G1 / Folha de S.Paulo,https://g1.globo.com/politica/eleicoes/2026/pesquisa-eleitoral/noticia/2026/10/01/datafolha-avaliacao-governo-lula.ghtml,https://g1.globo.com/politica/eleicoes/2026/,2026-10-05T05:09:02Z,,0,Fatos jornalísticos sob citação de fonte,nacional (amostras de 2.500 a 2.506 entrevistas),março a outubro de 2026,alta,verificada,indicadores de contexto político,data/external/datafolha_aprovacao_rejeicao.csv; contexto de teto e piso eleitoral de Lula e Flávio,Pesquisas cobrem períodos pontuais; aprovação x avaliação possuem formulações de pergunta distintas.,,
historico_2turnos,Histórico de 1º e 2º turnos presidenciais 2002–2022 (digitado),"TSE (votos válidos), digitado à mão",https://resultados.tse.jus.br,https://resultados.tse.jus.br,2026-10-05T02:27:08Z,f1c008d25800e7c11057f140266d4d53454b6fbb37fb075de8afabe9ae477e27,467,nao_verificada,nacional,2002–2022,media,parcial,—,camada 10 (M3): % do líder no 1º e no 2º turno em cada eleição,"Digitado, mas data/interim/pres_candidatos.csv, gerado dos dados abertos do TSE, reproduz os números ao centésimo.",data/external/historico_2turnos.csv,
ibge_censo_2022_municipios,Indicadores Municipais do Censo Demográfico 2022 (SIDRA/IBGE),IBGE,https://apisidra.ibge.gov.br,https://sidra.ibge.gov.br,2026-10-05T05:11:04Z,,623850,IBGE Dados Abertos (CC-BY compatível),município (5.570 municípios),ano censitário 2022 (religião divulgada em 06/06/2025),alta,verificada,,data/external/censo2022_mun.csv; análise de perfil sociodemográfico e resíduos do modelo,"Censo reflete população residente, não eleitorado. Falácia ecológica: correlação municipal não implica causalidade individual.",,
ibge_malha_ufs,"Malha das 27 UFs (GeoJSON, qualidade mínima)","IBGE, API de Malhas v3",https://servicodados.ibge.gov.br/api/docs/malhas,https://servicodados.ibge.gov.br/api/docs/malhas,2026-10-05T02:29:01Z,07c671aa87aa1ab296c446de6294df9827112782537b996c0a160284907e7c0f,98502,nao_verificada (dado público do IBGE),UF,2022,alta,verificada,—,mapas das figuras (nenhum uso no modelo),Qualidade mínima: só para desenhar mapas.,data/external/ufs_ibge.geojson,
kalshi_eleicao_2026,Mercados Regulados de Predição (Kalshi / KXBRPRES-26),Kalshi,https://api.elections.kalshi.com/trade-api/v2/markets?series_ticker=KXBRPRES-26,https://kalshi.com,2026-10-05T05:16:01Z,,0,Kalshi API Terms,nacional,2026,baixa,nao_verificada,,"catalogado, nao usado no modelo",Tentativa de conexão falhou no ambiente de coleta: Falha de conexão / DNS (URLError: <urlopen error [Errno -3] Temporary failure in name resolution>). Nenhuma observação coletada.,,
polymarket_eleicao_2026,Mercados Preditivos da Eleição Presidencial Brasileira (Polymarket),Polymarket,https://gamma-api.polymarket.com/events/45915,https://polymarket.com/event/brazil-presidential-election,2026-10-05T05:15:59Z,,117170,Polymarket API Terms (dados públicos de trading),nacional e por estado (preços diários),novembro de 2025 a outubro de 2026,media,verificada,,data/external/polymarket_mercados_uf.csv e data/ledger/observacoes.csv; apenas calibração e contexto externo (NÃO entra no modelo de projeção),"Preço de mercado preditivo reflete sentimento e liquidez de traders globais, não uma pesquisa eleitoral probabilística. Não deve ser usado como insumo para evitar circularidade.",,
transferencia_pesquisas,"Pesquisas de transferência de voto Quaest e Datafolha, 02–03/10/2026",números vindos de resumos de busca (não da fonte primária),,,2026-10-05T02:27:22Z,56f03c7b7a53e4f1694d2d8a1e8fc36b0d8a66cbba8e0726e10b107837bce8af,750,nao_verificada,por eleitorado de candidato eliminado,02–03/10/2026,baixa,nao_verificada,—,camada 7 (transferência) → M1,Resumos de busca já erraram em outros casos. Em substituição pela fonte primária (transferencia_pesquisas_primaria.csv).,data/external/transferencia_pesquisas.csv,
transferencia_pesquisas_primaria,Pesquisas primárias de transferência de votos no 2º turno (Quaest e Datafolha),Quaest / Datafolha / G1,https://g1.globo.com/politica/eleicoes/2026/pesquisa-eleitoral/noticia/2026/10/03/quaest-presidente-3-outubro.ghtml,https://g1.globo.com/politica/eleicoes/2026/,2026-10-05T05:08:35Z,,0,Fatos jornalísticos / Dados eleitorais sob citação de fonte,"por eleitorado de candidato eliminado (Caiado, Cury, Renan Santos, Zema)",02-03/10/2026 (véspera do 1º turno),alta,verificada,camada 7 (transferência),data/external/transferencia_pesquisas_primaria.csv; validação dos parâmetros de migração do M1,Quaest possui relatório aberto detalhado; dados de transferência específicos de certos candidatos no Datafolha vieram de resumos analíticos especializados.,,
tse_apuracao_2026,Apuração do 1º turno de 2026 (respostas JSON originais do portal de resultados),TSE (portal de resultados),https://resultados.tse.jus.br/oficial/ele2026/6257,https://resultados.tse.jus.br,2026-10-05T03:25:17Z,221bd59ab75b656ca234712c0d8f616d4a5a5003f38fe10ef837ce56e942ef75,2695366,nao_verificada (portal de resultados; os Dados Abertos do TSE são CC-BY),"município (5.757 respostas, mais a nacional e a configuração)","coleta de 05/10/2026 00:11, 99,997% das seções",alta,verificada,1 (dados brutos) → 2 (tabelas municipais),"data/interim/mun_2026.csv (coleta anterior, de 23h25 de 04/10, 99,991%); esta coleta está em data/snapshots/20261005_apuracao_final/. Base do M1 e do backtest","Os modelos publicados usam a coleta de 04/10, não esta; a diferença é de ~0,006% do eleitorado.",data/raw/tse_apuracao_20261005.tar.gz,https://github.com/berndof/eleicao-2026/releases/download/dados-brutos-2026-10-04/tse_apuracao_20261005.tar.gz
tse_perfil_2002,"Perfil do eleitorado por município (gênero, idade, escolaridade), 2002",TSE (Dados Abertos),https://cdn.tse.jus.br/estatistica/sead/odsele/perfil_eleitorado/perfil_eleitorado_2002.zip,https://dadosabertos.tse.jus.br/dataset/eleitorado-2002,2026-10-05T04:08:54Z,45737185ef698107a3e54419ec12614bef7867df30055707cec8fb8aef1453b7,2244531,"CC-BY (campo license_id do CKAN dos Dados Abertos do TSE, conferido em 05/10/2026)",município × gênero × faixa etária × escolaridade,eleitorado de 2002,alta,verificada,1 (dados brutos) → 3 (features),"data/interim/perfil_2002_mun.csv; tabela municipal em preparação, ainda NÃO entra nos modelos publicados",Em 2002 e 2006 a faixa etária vem como código -3 (não informada): 'jovem' e 'idoso' não devem ser usados nesses anos.,data/raw/perfil_eleitorado_2002.zip,
tse_perfil_2006,"Perfil do eleitorado por município (gênero, idade, escolaridade), 2006",TSE (Dados Abertos),https://cdn.tse.jus.br/estatistica/sead/odsele/perfil_eleitorado/perfil_eleitorado_2006.zip,https://dadosabertos.tse.jus.br/dataset/eleitorado-2006,2026-10-05T04:08:50Z,7e08ce10070b073594a14550dfecd79b8108c887234cb17afb52f4193fa58e91,2268213,"CC-BY (campo license_id do CKAN dos Dados Abertos do TSE, conferido em 05/10/2026)",município × gênero × faixa etária × escolaridade,eleitorado de 2006,alta,verificada,1 (dados brutos) → 3 (features),"data/interim/perfil_2006_mun.csv; tabela municipal em preparação, ainda NÃO entra nos modelos publicados",Em 2002 e 2006 a faixa etária vem como código -3 (não informada): 'jovem' e 'idoso' não devem ser usados nesses anos.,data/raw/perfil_eleitorado_2006.zip,
tse_perfil_2010,"Perfil do eleitorado por município (gênero, idade, escolaridade), 2010",TSE (Dados Abertos),https://cdn.tse.jus.br/estatistica/sead/odsele/perfil_eleitorado/perfil_eleitorado_2010.zip,https://dadosabertos.tse.jus.br/dataset/eleitorado-2010,2026-10-05T04:08:45Z,76360758f6285a94004c730d85ccd673c86d0c5a0d85e43f5574cc2e67f691c4,35907120,"CC-BY (campo license_id do CKAN dos Dados Abertos do TSE, conferido em 05/10/2026)",município × gênero × faixa etária × escolaridade,eleitorado de 2010,alta,verificada,1 (dados brutos) → 3 (features),"data/interim/perfil_2010_mun.csv; tabela municipal em preparação, ainda NÃO entra nos modelos publicados","Perfil de quem pode votar, não de quem votou.",data/raw/perfil_eleitorado_2010.zip,
tse_perfil_2014,"Perfil do eleitorado por município (gênero, idade, escolaridade), 2014",TSE (Dados Abertos),https://cdn.tse.jus.br/estatistica/sead/odsele/perfil_eleitorado/perfil_eleitorado_2014.zip,https://dadosabertos.tse.jus.br/dataset/eleitorado-2014,2026-10-05T04:08:40Z,a4276a1aeaae888a6a1df17ee2cd44f52b82778460cf39f40f9f5c2126e34f11,32269026,"CC-BY (campo license_id do CKAN dos Dados Abertos do TSE, conferido em 05/10/2026)",município × gênero × faixa etária × escolaridade,eleitorado de 2014,alta,verificada,1 (dados brutos) → 3 (features),"data/interim/perfil_2014_mun.csv; tabela municipal em preparação, ainda NÃO entra nos modelos publicados","Perfil de quem pode votar, não de quem votou.",data/raw/perfil_eleitorado_2014.zip,
tse_perfil_2018,"Perfil do eleitorado por município (gênero, idade, escolaridade), 2018",TSE (Dados Abertos),https://cdn.tse.jus.br/estatistica/sead/odsele/perfil_eleitorado/perfil_eleitorado_2018.zip,https://dadosabertos.tse.jus.br/dataset/eleitorado-2018,2026-10-05T04:08:17Z,d94cc9871ffbdbee3184c98b52c256560dffb5e19f62e27c91648a6fdfe4d803,34851376,"CC-BY (campo license_id do CKAN dos Dados Abertos do TSE, conferido em 05/10/2026)",município × gênero × faixa etária × escolaridade,eleitorado de 2018,alta,verificada,1 (dados brutos) → 3 (features),"data/interim/perfil_2018_mun.csv; tabela municipal em preparação, ainda NÃO entra nos modelos publicados","Perfil de quem pode votar, não de quem votou.",data/raw/perfil_eleitorado_2018.zip,
tse_perfil_2022,"Perfil do eleitorado por município (gênero, idade, escolaridade), 2022",TSE (Dados Abertos),https://cdn.tse.jus.br/estatistica/sead/odsele/perfil_eleitorado/perfil_eleitorado_2022.zip,https://dadosabertos.tse.jus.br/dataset/eleitorado-2022,2026-10-05T02:24:29Z,4bccad7e39ec13ea22a0ce4612d6147b4f06ee2c672cd5978112943951fb87e8,76699889,"CC-BY (campo license_id do CKAN dos Dados Abertos do TSE, conferido em 05/10/2026)",município × gênero × faixa etária × escolaridade,eleitorado de 2022,alta,verificada,1 (dados brutos) → 3 (features),"data/interim/perfil_2022_mun.csv; features de escolaridade, idade e gênero do M1","Perfil de quem pode votar, não de quem votou.",data/raw/perfil_eleitorado_2022.zip,https://github.com/berndof/eleicao-2026/releases/download/dados-brutos-2026-10-04/perfil_eleitorado_2022.zip
tse_perfil_2026,"Perfil do eleitorado por município (gênero, idade, escolaridade), 2026",TSE (Dados Abertos),https://cdn.tse.jus.br/estatistica/sead/odsele/perfil_eleitorado/perfil_eleitorado_2026.zip,https://dadosabertos.tse.jus.br/dataset/eleitorado-2026,2026-10-05T02:24:29Z,0952e9d9577be19380b444bfcc6a9a99397005e8dc839de9d5ec49914d75648b,408490728,"CC-BY (campo license_id do CKAN dos Dados Abertos do TSE, conferido em 05/10/2026)",município × gênero × faixa etária × escolaridade,eleitorado de 2026,alta,verificada,1 (dados brutos) → 3 (features),"data/interim/perfil_2026_mun.csv; features de escolaridade, idade e gênero do M1","Perfil de quem pode votar, não de quem votou.",data/raw/perfil_eleitorado_2026.zip,https://github.com/berndof/eleicao-2026/releases/download/dados-brutos-2026-10-04/perfil_eleitorado_2026.zip
tse_prefeitos_2024,Prefeitos Eleitos nas Eleições Municipais de 2024,TSE (Dados Abertos),https://cdn.tse.jus.br/estatistica/sead/odsele/votacao_candidato_munzona/votacao_candidato_munzona_2024.zip,https://dadosabertos.tse.jus.br/dataset/resultados-2024,2026-10-05T05:11:04Z,,47960179,CC-BY,município (5.568 municípios com prefeitos eleitos),eleições municipais de 2024 (1º e 2º turnos),alta,verificada,,data/external/prefeitos_2024_mun.csv; indicador de força partidária local e alinhamento político,Prefeito eleito não garante transferência automática de votos na eleição presidencial.,,
tse_registro_pesquisas_2026,"Registro de pesquisas eleitorais 2026 (TSE) - Presidente, com contratante e pagante",Tribunal Superior Eleitoral (dados abertos),https://cdn.tse.jus.br/estatistica/sead/odsele/pesquisa_eleitoral/pesquisa_eleitoral_2026.zip,https://dadosabertos.tse.jus.br/dataset/pesquisas-eleitorais-2026,2026-10-05T04:41:58Z,c6a987776ee23733b14ec4abe55bb8371b3fa22a30b4d472447c0dafce41e4fb,5889349,"Creative Commons Attribution (campo license_id='cc-by' do CKAN, lido em https://dadosabertos.tse.jus.br/api/3/action/package_show?id=pesquisas-eleitorais-2026)",uma linha por protocolo de registro de pesquisa; sem resultados (só metadados do registro),registros com fim de campo de 2026-01-11 a 2026-10-08,alta,verificada,,auditoria de proveniencia das pesquisas (data/processed/auditoria_pesquisas.csv); nao entra no modelo,"Registro, nao resultado: nao traz percentuais. Arquivos regenerados diariamente (ver Last-Modified no manifesto). Varios registros 'Presidente' sao de universos estaduais. Margem de erro extraida por regex do texto livre (ausente em parte dos registros). Contratante/pagante pessoa fisica reduzido a categoria. Outros ZIPs do dataset (notas fiscais, questionarios, bairro/municipio, PDF) nao foram coletados.",,
tse_votos_2002,"Votação por candidato × zona × município, todos os cargos, 2002",TSE (Dados Abertos),https://cdn.tse.jus.br/estatistica/sead/odsele/votacao_candidato_munzona/votacao_candidato_munzona_2002.zip,https://dadosabertos.tse.jus.br/dataset/resultados-2002,2026-10-05T04:08:54Z,c1b7eabc9415ad853e10b11958c3e22ad6f248afbc6acb6a0cab38f4b25635ee,120264128,"CC-BY (campo license_id do CKAN dos Dados Abertos do TSE, conferido em 05/10/2026)",zona eleitoral × município × candidato,eleição de 2002,alta,verificada,1 (dados brutos) → 2 (tabelas municipais),"data/interim/pres_2002_mun.csv e pres_2002_t2_mun.csv (filtro Presidente); tabela municipal em preparação; ainda NÃO entra nos modelos publicados (o M3 usa só o histórico nacional digitado, historico_2turnos)","Contém todos os cargos; só Presidente é usado. Votos nominais, sem brancos e nulos. Formato de colunas varia entre anos (2014 tem menos colunas).",data/raw/votacao_candidato_munzona_2002.zip,
tse_votos_2006,"Votação por candidato × zona × município, todos os cargos, 2006",TSE (Dados Abertos),https://cdn.tse.jus.br/estatistica/sead/odsele/votacao_candidato_munzona/votacao_candidato_munzona_2006.zip,https://dadosabertos.tse.jus.br/dataset/resultados-2006,2026-10-05T04:08:50Z,9bd23c339924ee761347a80590deff8bbbe2f483ff5a5b3d478998ce59ec929e,130940089,"CC-BY (campo license_id do CKAN dos Dados Abertos do TSE, conferido em 05/10/2026)",zona eleitoral × município × candidato,eleição de 2006,alta,verificada,1 (dados brutos) → 2 (tabelas municipais),"data/interim/pres_2006_mun.csv e pres_2006_t2_mun.csv (filtro Presidente); tabela municipal em preparação; ainda NÃO entra nos modelos publicados (o M3 usa só o histórico nacional digitado, historico_2turnos)","Contém todos os cargos; só Presidente é usado. Votos nominais, sem brancos e nulos. Formato de colunas varia entre anos (2014 tem menos colunas).",data/raw/votacao_candidato_munzona_2006.zip,
tse_votos_2010,"Votação por candidato × zona × município, todos os cargos, 2010",TSE (Dados Abertos),https://cdn.tse.jus.br/estatistica/sead/odsele/votacao_candidato_munzona/votacao_candidato_munzona_2010.zip,https://dadosabertos.tse.jus.br/dataset/resultados-2010,2026-10-05T04:08:44Z,fc7052974632351a3dc81e8ec17312889687eae0b2d56508259f91deecadd563,132565895,"CC-BY (campo license_id do CKAN dos Dados Abertos do TSE, conferido em 05/10/2026)",zona eleitoral × município × candidato,eleição de 2010,alta,verificada,1 (dados brutos) → 2 (tabelas municipais),"data/interim/pres_2010_mun.csv e pres_2010_t2_mun.csv (filtro Presidente); tabela municipal em preparação; ainda NÃO entra nos modelos publicados (o M3 usa só o histórico nacional digitado, historico_2turnos)","Contém todos os cargos; só Presidente é usado. Votos nominais, sem brancos e nulos. Formato de colunas varia entre anos (2014 tem menos colunas).",data/raw/votacao_candidato_munzona_2010.zip,
tse_votos_2014,"Votação por candidato × zona × município, todos os cargos, 2014",TSE (Dados Abertos),https://cdn.tse.jus.br/estatistica/sead/odsele/votacao_candidato_munzona/votacao_candidato_munzona_2014.zip,https://dadosabertos.tse.jus.br/dataset/resultados-2014,2026-10-05T04:08:38Z,f41bceb427820c068b2b14b87befa69d8c333638644eea0e8337534f9b349fd3,494100168,"CC-BY (campo license_id do CKAN dos Dados Abertos do TSE, conferido em 05/10/2026)",zona eleitoral × município × candidato,eleição de 2014,alta,verificada,1 (dados brutos) → 2 (tabelas municipais),"data/interim/pres_2014_mun.csv e pres_2014_t2_mun.csv (filtro Presidente); tabela municipal em preparação; ainda NÃO entra nos modelos publicados (o M3 usa só o histórico nacional digitado, historico_2turnos)","Contém todos os cargos; só Presidente é usado. Votos nominais, sem brancos e nulos. Formato de colunas varia entre anos (2014 tem menos colunas).",data/raw/votacao_candidato_munzona_2014.zip,
tse_votos_2018,"Votação por candidato × zona × município, todos os cargos, 2018",TSE (Dados Abertos),https://cdn.tse.jus.br/estatistica/sead/odsele/votacao_candidato_munzona/votacao_candidato_munzona_2018.zip,https://dadosabertos.tse.jus.br/dataset/resultados-2018,2026-10-05T04:07:28Z,f880848ef4ba340b15cb91ff0754aa370d34ca7b7e605d6607c0f2a75009adc8,395389280,"CC-BY (campo license_id do CKAN dos Dados Abertos do TSE, conferido em 05/10/2026)",zona eleitoral × município × candidato,eleição de 2018,alta,verificada,1 (dados brutos) → 2 (tabelas municipais),"data/interim/pres_2018_mun.csv e pres_2018_t2_mun.csv (filtro Presidente); tabela municipal em preparação; ainda NÃO entra nos modelos publicados (o M3 usa só o histórico nacional digitado, historico_2turnos)","Contém todos os cargos; só Presidente é usado. Votos nominais, sem brancos e nulos. Formato de colunas varia entre anos (2014 tem menos colunas).",data/raw/votacao_candidato_munzona_2018.zip,
tse_votos_2022,"Votação por candidato × zona × município, todos os cargos, 2022",TSE (Dados Abertos),https://cdn.tse.jus.br/estatistica/sead/odsele/votacao_candidato_munzona/votacao_candidato_munzona_2022.zip,https://dadosabertos.tse.jus.br/dataset/resultados-2022,2026-10-05T02:24:29Z,b5bd20d7e2aee66c142ff38cebaaf7f31b84bc6aaaee1ae09ae4b66778c96b7d,641972446,"CC-BY (campo license_id do CKAN dos Dados Abertos do TSE, conferido em 05/10/2026)",zona eleitoral × município × candidato,eleição de 2022,alta,verificada,1 (dados brutos) → 2 (tabelas municipais),data/interim/pres_2022_mun.csv e pres_2022_t2_mun.csv (filtro Presidente); base do M1 (swing 2022→2026),"Contém todos os cargos; só Presidente é usado. Votos nominais, sem brancos e nulos. Formato de colunas varia entre anos (2014 tem menos colunas).",data/raw/votacao_candidato_munzona_2022.zip,https://github.com/berndof/eleicao-2026/releases/download/dados-brutos-2026-10-04/votacao_candidato_munzona_2022.zip
wikipedia_pesquisas_2026,Opinion polling for the 2026 Brazilian presidential election (wikitext),"Wikipédia (EN), contribuidores",https://en.wikipedia.org/w/index.php?title=Opinion_polling_for_the_2026_Brazilian_presidential_election&oldid=1378579188,https://en.wikipedia.org/wiki/Opinion_polling_for_the_2026_Brazilian_presidential_election,2026-10-05T02:25:51Z,394f76c5aeaddb14bbb816c0a7ff698738972f1a348113546eebe8d7b4806379,293134,CC BY-SA (rodapé da Wikipédia),pesquisa (instituto × período de campo),"pesquisas de 2025 e 2026 até 04/10/2026 (revisão 1378579188, None, correspondência: ?)",media,parcial,1 (dados brutos) → 7 (pesquisas),"data/interim/pesquisas_1turno.csv e pesquisas_2turno.csv: M2 (2º turno), viés do 1º turno (camada 6)",Fonte secundária e editável por qualquer pessoa. Cada pesquisa deve ser auditada contra o registro do TSE (data/processed/auditoria_pesquisas.csv). Sem coluna de método ou contratante. Revisão exata não confirmada; ver o .revisao.json.,data/external/wikipedia_pesquisas_2026.wikitext,
