turno,idx,instituto,data_wiki,data_fim_wiki,amostra_wiki,margem_wiki,status_auditoria,protocolo_tse,empresa_tse,data_fim_tse,data_divulgacao_tse,amostra_planejada_tse,diferenca_amostra,margem_tse_pp,custo_declarado_rs,contratantes,pagantes,url_referencia,observacoes
1,1,Datafolha,3 Oct,2026-10-03,4006,±2 pp,casado_exato,BR017082026,DATAFOLHA INSTITUTO DE PESQUISAS LTDA.,2026-10-03,2026-10-03,4006,0,4,461462.40,EMPRESA FOLHA DA MANHA S.A. | GLOBO COMUNICACAO E PARTICIPACOES S/A / TV/REDE/GLOBO.COM/CANAIS GLOBO/GLOBOPLAY/ELETROMIDIA,EMPRESA FOLHA DA MANHA S.A. | GLOBO COMUNICACAO E PARTICIPACOES S/A / TV/REDE/GLOBO.COM/CANAIS GLOBO/GLOBOPLAY/ELETROMIDIA,https://g1.globo.com/politica/eleicoes/2026/pesquisa-eleitoral/noticia/2026/10/03/datafolha-presidente-3-outubro.ghtml,
1,2,Quaest,2–3 Oct,2026-10-03,3702,±2 pp,casado_exato,BR021972026,"QUAEST PESQUISAS, CONSULTORIA E PROJETOS LTDA.",2026-10-03,2026-10-03,3702,0,2,570108.00,GLOBO COMUNICACAO E PARTICIPACOES S/A / TV/REDE/GLOBO.COM/CANAIS GLOBO/GLOBOPLAY/ELETROMIDIA | EDITORA GLOBO S/A / EDITORA GLOBO,GLOBO COMUNICACAO E PARTICIPACOES S/A / TV/REDE/GLOBO.COM/CANAIS GLOBO/GLOBOPLAY/ELETROMIDIA | EDITORA GLOBO S/A / EDITORA GLOBO,https://g1.globo.com/politica/eleicoes/2026/pesquisa-eleitoral/noticia/2026/10/03/quaest-presidente-3-outubro.ghtml,
1,3,Futura,2–3 Oct,2026-10-03,2000,±2.2 pp,casado_exato,BR024312026,100% CIDADES PARTICIPACOES LTDA,2026-10-03,2026-10-03,2000,0,2.2,160000.00,FUTURA CONSULTORIA E ASSESSORIA LTDA / FUTURA,FUTURA CONSULTORIA E ASSESSORIA LTDA / FUTURA,https://docs.google.com/viewerng/viewer?url=https://admin.cnnbrasil.com.br/wp-content/uploads/sites/12/2026/10/Relatorio_Tracking_Nacional_1_Turno_Final_Votos_Validos-3-1.pdf,
1,4,Palver,30 Sep–3 Oct,2026-10-03,5000,±2.4 pp,casado_exato,BR001982026,PALVER CONSULTORIA E DESENVOLVIMENTO TECNOLOGICO LTDA.,2026-10-03,2026-10-03,5000,0,4,30000.00,PALVER CONSULTORIA E DESENVOLVIMENTO TECNOLOGICO LTDA.,PALVER CONSULTORIA E DESENVOLVIMENTO TECNOLOGICO LTDA.,https://exame.com/brasil/pesquisa-palver-para-presidente-flavio-bolsonaro-tem-47-e-lula-43-no-1o-turno/,
1,5,PoderData,30 Sep–2 Oct,2026-10-02,4000,±1.5 pp,casado_exato,BR035192026,"PODERDATA PESQUISA, JORNALISMO E COMUNICACAO LTDA",2026-10-02,2026-10-03,4000,0,2,103715.00,"PODERDATA PESQUISA, JORNALISMO E COMUNICACAO LTDA","PODERDATA PESQUISA, JORNALISMO E COMUNICACAO LTDA",https://www.poder360.com.br/poderdata/lula-e-flavio-tem-46-cada-um-no-2o-turno-diz-poderdata-aya/,
1,6,MDA,29 Sep–2 Oct,2026-10-02,2007,±2.2 pp,casado_amostra_realizada,BR047562026,MDA-PESQUISA DE OPINIAO PUBLICA E CONSULT. ESTATIST. LTDA - EPP,2026-10-02,2026-10-03,2002,5,2.2,222453.00,CONFEDERACAO NACIONAL DO TRANSPORTE,CONFEDERACAO NACIONAL DO TRANSPORTE,https://www.cnnbrasil.com.br/eleicoes/cnt-mda-lula-tem-478-dos-votos-validos-no-1o-turno-flavio-421/,Amostra TSE=2002 vs Wiki=2007
1,7,AtlasIntel,27 Sep–2 Oct,2026-10-02,4945,±1 pp,casado_amostra_realizada,BR009992026,ATLASINTEL TECNOLOGIA DE DADOS LTDA,2026-10-02,2026-10-03,5000,-55,1,75000.00,ATLASINTEL TECNOLOGIA DE DADOS LTDA,ATLASINTEL TECNOLOGIA DE DADOS LTDA,https://docs.google.com/viewerng/viewer?url=https://admin.cnnbrasil.com.br/wp-content/uploads/sites/12/2026/10/Pesquisa-Atlas_Bloomberg-Nacional-261003.pdf,Amostra TSE=5000 vs Wiki=4945
1,8,Vox Brasil,29 Sep–1 Oct,2026-10-01,2100,±2.15 pp,casado_exato,BR001482026,INSTITUTO VOX BRASIL OPINIAO E PESQUISAS LTDA,2026-10-01,2026-10-02,2100,0,2.15,50000.00,INSTITUTO VOX BRASIL OPINIAO E PESQUISAS LTDA,INSTITUTO VOX BRASIL OPINIAO E PESQUISAS LTDA,https://www.cnnbrasil.com.br/eleicoes/vox-flavio-registra-482-no-2o-turno-lula-452/,
1,9,Datafolha,28–30 Sep,2026-09-30,2506,±2 pp,casado_data_proxima,BR080392026,DATAFOLHA INSTITUTO DE PESQUISAS LTDA.,2026-10-01,2026-10-01,2506,0,4,384552.00,EMPRESA FOLHA DA MANHA S.A. | GLOBO COMUNICACAO E PARTICIPACOES S/A / TV/REDE/GLOBO.COM/CANAIS GLOBO/GLOBOPLAY/ELETROMIDIA,EMPRESA FOLHA DA MANHA S.A. | GLOBO COMUNICACAO E PARTICIPACOES S/A / TV/REDE/GLOBO.COM/CANAIS GLOBO/GLOBOPLAY/ELETROMIDIA,https://www1.folha.uol.com.br/poder/2026/10/datafolha-lula-tem-45-e-flavio-bolsonaro-40-em-votos-validos-no-1o-turno.shtml,Data TSE=2026-10-01 vs Wiki=2026-09-30
1,10,Real Time,26–30 Sep,2026-09-30,2000,±2 pp,casado_exato,BR095032026,REAL TIME MIDIA LTDA,2026-09-30,2026-10-01,2000,0,2,30000.00,REAL TIME MIDIA LTDA,REAL TIME MIDIA LTDA,https://www.cnnbrasil.com.br/eleicoes/real-time-big-data-lula-tem-43-no-1o-turno-flavio-39/,
1,11,Indexa,27–29 Sep,2026-09-29,2000,±2.2 pp,casado_exato,BR006982026,INSTITUTO INDEXA PESQUISAS LTDA,2026-09-29,2026-09-30,2000,0,2.2,164000.00,AGENCIA ESTADO S.A / AGENCIA ESTADO,AGENCIA ESTADO S.A / AGENCIA ESTADO,https://www.cnnbrasil.com.br/eleicoes/indexa-broadcast-lula-tem-39-no-1o-turno-flavio-34/,
1,12,Futura,25–29 Sep,2026-09-29,2000,±2.2 pp,casado_exato,BR011222026,100% CIDADES PARTICIPACOES LTDA,2026-09-29,2026-09-30,2000,0,2.2,160000.00,FUTURA CONSULTORIA E ASSESSORIA LTDA / FUTURA,FUTURA CONSULTORIA E ASSESSORIA LTDA / FUTURA,https://www.cnnbrasil.com.br/eleicoes/futura-flavio-tem-422-das-intencoes-de-voto-no-1o-turno-lula-394/,
1,13,Vox Brasil,26–28 Sep,2026-09-28,2100,±2.15 pp,casado_exato,BR008952026,INSTITUTO VOX BRASIL OPINIAO E PESQUISAS LTDA,2026-09-28,2026-09-29,2100,0,2.15,50000.00,INSTITUTO VOX BRASIL OPINIAO E PESQUISAS LTDA,INSTITUTO VOX BRASIL OPINIAO E PESQUISAS LTDA,https://www.cnnbrasil.com.br/eleicoes/vox-lula-tem-411-das-intencoes-de-voto-no-1o-turno-flavio-378/,
1,14,Ideia,25–28 Sep,2026-09-28,2000,±2.2 pp,casado_exato,BR087062026,BOAS IDEIAS INTELIGENCIA EM PESQUISA E ESTRATEGIA DIGITAL LTDA,2026-09-28,2026-09-30,2000,0,13,46000.00,CANAL MEIO S.A.,CANAL MEIO S.A.,,
1,15,AtlasIntel,23–28 Sep,2026-09-28,5005,±1 pp,casado_amostra_realizada,BR043912026,ATLASINTEL TECNOLOGIA DE DADOS LTDA,2026-09-28,2026-09-29,5000,5,1,75000.00,ATLASINTEL TECNOLOGIA DE DADOS LTDA,ATLASINTEL TECNOLOGIA DE DADOS LTDA,https://noticias.uol.com.br/eleicoes/2026/09/29/atlasbloomberg-lula-e-flavio-tem-empate-tecnico-no-2-turno.ghtm,Amostra TSE=5000 vs Wiki=5005
1,16,Nexus,25–27 Sep,2026-09-27,2000,±2 pp,casado_exato,BR075572026,NEXUS PESQUISA E INTELIGENCIA DE DADOS LTDA,2026-09-27,2026-09-28,2000,0,2,164888.89,BANCO BTG PACTUAL S.A.,BANCO BTG PACTUAL S.A.,,
1,17,Quaest,24–27 Sep,2026-09-27,2004,±2 pp,casado_exato,BR065202026,"QUAEST PESQUISAS, CONSULTORIA E PROJETOS LTDA.",2026-09-27,2026-09-28,2004,0,2,314628.00,GLOBO COMUNICACAO E PARTICIPACOES S/A / TV/REDE/GLOBO.COM/CANAIS GLOBO/GLOBOPLAY/ELETROMIDIA | EDITORA GLOBO S/A / EDITORA GLOBO,GLOBO COMUNICACAO E PARTICIPACOES S/A / TV/REDE/GLOBO.COM/CANAIS GLOBO/GLOBOPLAY/ELETROMIDIA | EDITORA GLOBO S/A / EDITORA GLOBO,https://g1.globo.com/politica/eleicoes/2026/pesquisa-eleitoral/noticia/2026/09/28/quaest-presidente-1o-turno-28-setembro.ghtml,
1,18,Palver,24–27 Sep,2026-09-27,5000,±2.4 pp,casado_data_proxima,BR029902026,PALVER CONSULTORIA E DESENVOLVIMENTO TECNOLOGICO LTDA.,2026-09-28,2026-09-29,5000,0,4,30000.00,PALVER CONSULTORIA E DESENVOLVIMENTO TECNOLOGICO LTDA.,PALVER CONSULTORIA E DESENVOLVIMENTO TECNOLOGICO LTDA.,https://www.cnnbrasil.com.br/eleicoes/palver-lula-e-flavio-empatam-com-44-das-intencoes-de-voto-no-1o-turno/,Data TSE=2026-09-28 vs Wiki=2026-09-27
1,19,Datafolha,22–24 Sep,2026-09-24,2002,±2 pp,casado_exato,BR003042026,DATAFOLHA INSTITUTO DE PESQUISAS LTDA.,2026-09-24,2026-09-24,2002,0,4,307641.60,EMPRESA FOLHA DA MANHA S.A. | GLOBO COMUNICACAO E PARTICIPACOES S/A / TV/REDE/GLOBO.COM/CANAIS GLOBO/GLOBOPLAY/ELETROMIDIA,EMPRESA FOLHA DA MANHA S.A. | GLOBO COMUNICACAO E PARTICIPACOES S/A / TV/REDE/GLOBO.COM/CANAIS GLOBO/GLOBOPLAY/ELETROMIDIA,https://g1.globo.com/politica/eleicoes/2026/pesquisa-eleitoral/noticia/2026/09/24/datafolha-presidente-24-setembro.ghtml,
1,20,Futura,18–24 Sep,2026-09-24,2000,±2.4 pp,casado_exato,BR052682026,100% CIDADES PARTICIPACOES LTDA,2026-09-24,2026-09-24,2000,0,2.2,160000.00,FUTURA CONSULTORIA E ASSESSORIA LTDA / FUTURA,FUTURA CONSULTORIA E ASSESSORIA LTDA / FUTURA,https://www.poder360.com.br/poder-eleicoes-2026/flavio-tem-404-e-lula-384-no-1o-turno-diz-futura/,
1,21,PoderData,20–23 Sep,2026-09-23,3000,±1.8 pp,casado_exato,BR017392026,"PODERDATA PESQUISA, JORNALISMO E COMUNICACAO LTDA",2026-09-23,2026-09-24,3000,0,2,103715.00,"PODERDATA PESQUISA, JORNALISMO E COMUNICACAO LTDA","PODERDATA PESQUISA, JORNALISMO E COMUNICACAO LTDA",https://www.poder360.com.br/poderdata/em-votos-validos-lula-tem-43-contra-42-de-flavio-no-1o-turno/,
1,22,Palver,20–23 Sep,2026-09-23,5000,±3 pp,casado_exato,BR095872026,PALVER CONSULTORIA E DESENVOLVIMENTO TECNOLOGICO LTDA.,2026-09-23,2026-09-24,5000,0,4,30000.00,PALVER CONSULTORIA E DESENVOLVIMENTO TECNOLOGICO LTDA.,PALVER CONSULTORIA E DESENVOLVIMENTO TECNOLOGICO LTDA.,https://www.cnnbrasil.com.br/eleicoes/palver-flavio-e-lula-empatam-no-1o-turno-em-43/,
1,23,Real Time,19–23 Sep,2026-09-23,2000,±2 pp,casado_exato,BR042022026,REAL TIME MIDIA LTDA,2026-09-23,2026-09-24,2000,0,2,30000.00,REAL TIME MIDIA LTDA,REAL TIME MIDIA LTDA,https://www.cnnbrasil.com.br/eleicoes/real-time-big-data-lula-tem-41-no-1o-turno-flavio-37/,
1,24,AtlasIntel,17–22 Sep,2026-09-22,5015,±1 pp,casado_amostra_realizada,BR047392026,ATLASINTEL TECNOLOGIA DE DADOS LTDA,2026-09-22,2026-09-23,5000,15,1,75000.00,ATLASINTEL TECNOLOGIA DE DADOS LTDA,ATLASINTEL TECNOLOGIA DE DADOS LTDA,https://www.cnnbrasil.com.br/eleicoes/atlas-bloomberg-lula-tem-458-no-1o-turno-flavio-434/,Amostra TSE=5000 vs Wiki=5015
1,25,Nexus,18–20 Sep,2026-09-20,2006,±2 pp,casado_amostra_realizada,BR004852026,NEXUS PESQUISA E INTELIGENCIA DE DADOS LTDA,2026-09-20,2026-09-21,2000,6,2,164888.89,BANCO BTG PACTUAL S.A.,BANCO BTG PACTUAL S.A.,https://www.cnnbrasil.com.br/eleicoes/nexus-btg-lula-tem-40-no-1o-turno-flavio-37-e-cury-6/,Amostra TSE=2000 vs Wiki=2006
1,26,Quaest,17–20 Sep,2026-09-20,2004,±2 pp,casado_exato,BR060042026,"QUAEST PESQUISAS, CONSULTORIA E PROJETOS LTDA.",2026-09-20,2026-09-21,2004,0,2,314628.00,EDITORA GLOBO S/A / EDITORA GLOBO | GLOBO COMUNICACAO E PARTICIPACOES S/A / TV/REDE/GLOBO.COM/CANAIS GLOBO/GLOBOPLAY/ELETROMIDIA,EDITORA GLOBO S/A / EDITORA GLOBO | GLOBO COMUNICACAO E PARTICIPACOES S/A / TV/REDE/GLOBO.COM/CANAIS GLOBO/GLOBOPLAY/ELETROMIDIA,https://g1.globo.com/politica/eleicoes/2026/pesquisa-eleitoral/noticia/2026/09/21/quaest-presidente-1o-turno-21-setembro.ghtml,
1,27,Palver,15–20 Sep,2026-09-20,5000,±3 pp,casado_exato,BR008602026,PALVER CONSULTORIA E DESENVOLVIMENTO TECNOLOGICO LTDA.,2026-09-20,2026-09-20,5000,0,4,30000.00,PALVER CONSULTORIA E DESENVOLVIMENTO TECNOLOGICO LTDA.,PALVER CONSULTORIA E DESENVOLVIMENTO TECNOLOGICO LTDA.,https://www.jota.info/eleicoes/eleicoes-2026/palver-mostra-flavio-bolsonaro-numericamente-a-frente-de-lula-no-1o-turno-em-empate-tecnico,
1,28,Datafolha,15–16 Sep,2026-09-16,2002,±2 pp,casado_data_proxima,BR040292026,DATAFOLHA INSTITUTO DE PESQUISAS LTDA.,2026-09-17,2026-09-17,2002,0,4,307641.60,GLOBO COMUNICACAO E PARTICIPACOES S/A / TV/REDE/GLOBO.COM/CANAIS GLOBO/GLOBOPLAY/ELETROMIDIA | EMPRESA FOLHA DA MANHA S.A.,GLOBO COMUNICACAO E PARTICIPACOES S/A / TV/REDE/GLOBO.COM/CANAIS GLOBO/GLOBOPLAY/ELETROMIDIA | EMPRESA FOLHA DA MANHA S.A.,https://g1.globo.com/politica/eleicoes/2026/pesquisa-eleitoral/noticia/2026/09/17/datafolha-presidente-17-setembro.ghtml,Data TSE=2026-09-17 vs Wiki=2026-09-16
1,29,PoderData,13–16 Sep,2026-09-16,3000,±1.8 pp,casado_exato,BR003602026,"PODERDATA PESQUISA, JORNALISMO E COMUNICACAO LTDA",2026-09-16,2026-09-17,3000,0,2,103715.00,"PODERDATA PESQUISA, JORNALISMO E COMUNICACAO LTDA","PODERDATA PESQUISA, JORNALISMO E COMUNICACAO LTDA",https://www.poder360.com.br/poderdata/poderdata-aya-lula-tem-37-contra-36-de-flavio-no-1o-turno/,
1,30,AtlasIntel,11–16 Sep,2026-09-16,5018,±1 pp,casado_amostra_realizada,BR062212026,ATLASINTEL TECNOLOGIA DE DADOS LTDA,2026-09-16,2026-09-17,5000,18,1,75000.00,ATLASINTEL TECNOLOGIA DE DADOS LTDA,ATLASINTEL TECNOLOGIA DE DADOS LTDA,https://www.cnnbrasil.com.br/eleicoes/lula-tem-441-no-1o-turno-flavio-417-diz-atlas/,Amostra TSE=5000 vs Wiki=5018
1,31,Futura,11–15 Sep,2026-09-15,2000,±2.2 pp,casado_data_proxima,BR007492026,100% CIDADES PARTICIPACOES LTDA,2026-09-17,2026-09-17,2000,0,2.2,160000.00,FUTURA CONSULTORIA E ASSESSORIA LTDA / FUTURA,FUTURA CONSULTORIA E ASSESSORIA LTDA / FUTURA,https://www.cnnbrasil.com.br/eleicoes/futura-lula-tem-383-no-1o-turno-flavio-377/,Data TSE=2026-09-17 vs Wiki=2026-09-15
1,32,Nexus,11–13 Sep,2026-09-13,2003,±2 pp,casado_amostra_realizada,BR040762026,NEXUS PESQUISA E INTELIGENCIA DE DADOS LTDA,2026-09-13,2026-09-14,2000,3,2,164888.89,BANCO BTG PACTUAL S.A.,BANCO BTG PACTUAL S.A.,https://www.cnnbrasil.com.br/eleicoes/nexus-btg-no-1-turno-lula-tem-40-flavio-36-e-cury-7/,Amostra TSE=2000 vs Wiki=2003
1,33,Quaest,10–13 Sep,2026-09-13,2004,±2 pp,casado_exato,BR036072026,"QUAEST PESQUISAS, CONSULTORIA E PROJETOS LTDA.",2026-09-13,2026-09-14,2004,0,2,314628.00,EDITORA GLOBO S/A / EDITORA GLOBO | GLOBO COMUNICACAO E PARTICIPACOES S/A / TV/REDE/GLOBO.COM/CANAIS GLOBO/GLOBOPLAY/ELETROMIDIA,EDITORA GLOBO S/A / EDITORA GLOBO | GLOBO COMUNICACAO E PARTICIPACOES S/A / TV/REDE/GLOBO.COM/CANAIS GLOBO/GLOBOPLAY/ELETROMIDIA,https://www.poder360.com.br/poder-eleicoes-2026/flavio-tem-42-contra-40-de-lula-no-2o-turno-diz-quaest/,
1,34,Indexa,10–13 Sep,2026-09-13,2000,±2.2 pp,casado_exato,BR034822026,INSTITUTO INDEXA PESQUISAS LTDA,2026-09-13,2026-09-15,2000,0,2.19,164000.00,AGENCIA ESTADO S.A / AGENCIA ESTADO,AGENCIA ESTADO S.A / AGENCIA ESTADO,https://www.jota.info/eleicoes/eleicoes-2026/lula-recua-no-1o-turno-e-perde-vantagem-sobre-flavio-no-2o-mostra-indexa-broadcast,
1,35,MDA,9–13 Sep,2026-09-13,2002,±2.2 pp,casado_exato,BR069022026,MDA-PESQUISA DE OPINIAO PUBLICA E CONSULT. ESTATIST. LTDA - EPP,2026-09-13,2026-09-15,2002,0,2.2,222453.00,CONFEDERACAO NACIONAL DO TRANSPORTE,CONFEDERACAO NACIONAL DO TRANSPORTE,https://iclnoticias.com.br/cnt-mda-lula-tem-10-pontos-de-vantagem/,
1,36,Datafolha,8–10 Sep,2026-09-10,2002,±2 pp,casado_data_proxima,BR018332026,DATAFOLHA INSTITUTO DE PESQUISAS LTDA.,2026-09-11,2026-09-11,2002,0,4,307641.60,GLOBO COMUNICACAO E PARTICIPACOES S/A / TV/REDE/GLOBO.COM/CANAIS GLOBO/GLOBOPLAY/ELETROMIDIA | EMPRESA FOLHA DA MANHA S.A.,GLOBO COMUNICACAO E PARTICIPACOES S/A / TV/REDE/GLOBO.COM/CANAIS GLOBO/GLOBOPLAY/ELETROMIDIA | EMPRESA FOLHA DA MANHA S.A.,https://www.cnnbrasil.com.br/eleicoes/datafolha-lula-tem-39-e-flavio-35-no-1-turno/,Data TSE=2026-09-11 vs Wiki=2026-09-10
1,37,Futura,4–10 Sep,2026-09-10,2000,±2.2 pp,casado_data_proxima,BR023222026,100% CIDADES PARTICIPACOES LTDA,2026-09-09,2026-09-10,2000,0,2.2,160000.00,FUTURA CONSULTORIA E ASSESSORIA LTDA / FUTURA,FUTURA CONSULTORIA E ASSESSORIA LTDA / FUTURA,https://www.cnnbrasil.com.br/eleicoes/futura-lula-tem-392-das-intencoes-de-voto-no-1o-turno-flavio-336/,Data TSE=2026-09-09 vs Wiki=2026-09-10
1,38,PoderData,6–9 Sep,2026-09-09,3000,±1.8 pp,casado_exato,BR049142026,"PODERDATA PESQUISA, JORNALISMO E COMUNICACAO LTDA",2026-09-09,2026-09-10,3000,0,2,103715.00,"PODERDATA PESQUISA, JORNALISMO E COMUNICACAO LTDA","PODERDATA PESQUISA, JORNALISMO E COMUNICACAO LTDA",https://www.poder360.com.br/poderdata/flavio-tem-47-e-lula-45-no-2o-turno-diz-poderdata-aya/,
1,39,AtlasIntel,4–9 Sep,2026-09-09,5000,±1 pp,casado_exato,BR014522026,ATLASINTEL TECNOLOGIA DE DADOS LTDA,2026-09-09,2026-09-10,5000,0,1,75000.00,ATLASINTEL TECNOLOGIA DE DADOS LTDA,ATLASINTEL TECNOLOGIA DE DADOS LTDA,https://www.cnnbrasil.com.br/eleicoes/atlasintel-bloomberg-lula-tem-43-no-1o-turno-flavio-374/,
1,40,Palver,4–7 Sep,2026-09-07,5000,±3 pp,casado_data_proxima,BR054202026,PALVER CONSULTORIA E DESENVOLVIMENTO TECNOLOGICO LTDA.,2026-09-08,2026-09-09,5000,0,4,30000.00,PALVER CONSULTORIA E DESENVOLVIMENTO TECNOLOGICO LTDA.,PALVER CONSULTORIA E DESENVOLVIMENTO TECNOLOGICO LTDA.,https://docs.google.com/viewerng/viewer?url=https://admin.cnnbrasil.com.br/wp-content/uploads/sites/12/2026/09/Pesquisa-Eleitoral-Palver-Onda-2-1.pdf,Data TSE=2026-09-08 vs Wiki=2026-09-07
1,41,Ideia,4–7 Sep,2026-09-07,1500,±2.5 pp,casado_exato,BR079352026,BOAS IDEIAS INTELIGENCIA EM PESQUISA E ESTRATEGIA DIGITAL LTDA,2026-09-07,2026-09-09,1500,0,13,27600.00,CANAL MEIO S.A.,CANAL MEIO S.A.,,
1,42,Nexus,4–7 Sep,2026-09-07,2002,±2 pp,casado_amostra_realizada,BR067902026,NEXUS PESQUISA E INTELIGENCIA DE DADOS LTDA,2026-09-07,2026-09-08,2000,2,2,164888.89,BANCO BTG PACTUAL S.A.,BANCO BTG PACTUAL S.A.,https://www.cnnbrasil.com.br/eleicoes/nexus-btg-lula-tem-39-no-1o-turno-flavio-tem-34/,Amostra TSE=2000 vs Wiki=2002
1,43,Quaest,3–6 Sep,2026-09-06,2004,±2 pp,casado_exato,BR017202026,"QUAEST PESQUISAS, CONSULTORIA E PROJETOS LTDA.",2026-09-06,2026-09-07,2004,0,2,314628.00,EDITORA GLOBO S/A / EDITORA GLOBO | GLOBO COMUNICACAO E PARTICIPACOES S/A / TV/REDE/GLOBO.COM/CANAIS GLOBO/GLOBOPLAY/ELETROMIDIA,EDITORA GLOBO S/A / EDITORA GLOBO | GLOBO COMUNICACAO E PARTICIPACOES S/A / TV/REDE/GLOBO.COM/CANAIS GLOBO/GLOBOPLAY/ELETROMIDIA,https://g1.globo.com/politica/eleicoes/2026/pesquisa-eleitoral/noticia/2026/09/07/quaest-presidente-7-setembro.ghtml,
1,44,Datafolha,1–2 Sep,2026-09-02,2002,±2 pp,casado_data_proxima,BR036692026,DATAFOLHA INSTITUTO DE PESQUISAS LTDA.,2026-09-03,2026-09-03,2002,0,4,307641.60,EMPRESA FOLHA DA MANHA S.A. | GLOBO COMUNICACAO E PARTICIPACOES S/A / TV/REDE/GLOBO.COM/CANAIS GLOBO/GLOBOPLAY/ELETROMIDIA,EMPRESA FOLHA DA MANHA S.A. | GLOBO COMUNICACAO E PARTICIPACOES S/A / TV/REDE/GLOBO.COM/CANAIS GLOBO/GLOBOPLAY/ELETROMIDIA,https://g1.globo.com/politica/eleicoes/2026/pesquisa-eleitoral/noticia/2026/09/03/datafolha-presidente-3-setembro.ghtml,Data TSE=2026-09-03 vs Wiki=2026-09-02
1,45,PoderData,30 Aug – 2 Sep,2026-09-02,3000,±1.8 pp,casado_exato,BR075612026,"PODERDATA PESQUISA, JORNALISMO E COMUNICACAO LTDA",2026-09-02,2026-09-03,3000,0,2,103715.00,"PODERDATA PESQUISA, JORNALISMO E COMUNICACAO LTDA","PODERDATA PESQUISA, JORNALISMO E COMUNICACAO LTDA",https://www.poder360.com.br/poderdata/flavio-tem-45-e-lula-registra-44-no-2o-turno-diz-poderdata-aya/,
1,46,Quaest,30 Aug – 1 Sep,2026-09-01,2004,±2 pp,casado_exato,BR070652026,"QUAEST PESQUISAS, CONSULTORIA E PROJETOS LTDA.",2026-09-01,2026-09-02,2004,0,2,314628.00,EDITORA GLOBO S/A / EDITORA GLOBO | GLOBO COMUNICACAO E PARTICIPACOES S/A / TV/REDE/GLOBO.COM/CANAIS GLOBO/GLOBOPLAY/ELETROMIDIA,EDITORA GLOBO S/A / EDITORA GLOBO | GLOBO COMUNICACAO E PARTICIPACOES S/A / TV/REDE/GLOBO.COM/CANAIS GLOBO/GLOBOPLAY/ELETROMIDIA,https://g1.globo.com/politica/eleicoes/2026/pesquisa-eleitoral/noticia/2026/09/02/quaest-presidente-2-setembro.ghtml,
1,47,Futura,27 Aug – 1 Sep,2026-09-01,2000,±2.2 pp,casado_exato,BR027932026,100% CIDADES PARTICIPACOES LTDA,2026-09-01,2026-09-03,2000,0,2.2,160000.00,FUTURA CONSULTORIA E ASSESSORIA LTDA / FUTURA,FUTURA CONSULTORIA E ASSESSORIA LTDA / FUTURA,https://www.cnnbrasil.com.br/eleicoes/futura-lula-tem-387-no-1o-turno-flavio-336/,
1,48,Real Time,27–31 Aug,2026-08-31,2000,±2 pp,casado_exato,BR034902026,REAL TIME MIDIA LTDA,2026-08-31,2026-09-01,2000,0,2,30000.00,REAL TIME MIDIA LTDA,REAL TIME MIDIA LTDA,https://www.poder360.com.br/poder-eleicoes-2026/lula-e-flavio-bolsonaro-empatam-com-44-no-2o-turno-diz-pesquisa/,
1,49,Nexus,28–30 Aug,2026-08-30,2005,±2 pp,casado_amostra_realizada,BR089002026,NEXUS PESQUISA E INTELIGENCIA DE DADOS LTDA,2026-08-30,2026-08-31,2000,5,2,164888.89,BANCO BTG PACTUAL S.A.,BANCO BTG PACTUAL S.A.,https://noticias.uol.com.br/eleicoes/2026/08/31/pesquisa-presidencial-btgnexus-31-agosto.ghtm,Amostra TSE=2000 vs Wiki=2005
1,50,AtlasIntel,25–30 Aug,2026-08-30,5014,±1 pp,casado_amostra_realizada,BR079722026,ATLASINTEL TECNOLOGIA DE DADOS LTDA,2026-08-30,2026-08-31,5000,14,1,75000.00,ATLASINTEL TECNOLOGIA DE DADOS LTDA,ATLASINTEL TECNOLOGIA DE DADOS LTDA,https://veja.abril.com.br/politica/atlasintel-pesquisa-mostra-disputa-presidencial-apos-primeiros-debates-e-sabatinas/,Amostra TSE=5000 vs Wiki=5014
1,51,Vox Brasil,25–27 Aug,2026-08-27,2100,±2.15 pp,casado_exato,BR055192026,INSTITUTO VOX BRASIL OPINIAO E PESQUISAS LTDA,2026-08-27,2026-08-29,2100,0,2.15,50000.00,INSTITUTO VOX BRASIL OPINIAO E PESQUISAS LTDA,INSTITUTO VOX BRASIL OPINIAO E PESQUISAS LTDA,https://www.poder360.com.br/poder-eleicoes-2026/flavio-e-lula-empatam-no-2o-turno-diz-pesquisa-3/,
1,52,PoderData,23–26 Aug,2026-08-26,2400,±2 pp,casado_exato,BR049742026,"PODERDATA PESQUISA, JORNALISMO E COMUNICACAO LTDA",2026-08-26,2026-08-27,2400,0,2,103715.00,"PODERDATA PESQUISA, JORNALISMO E COMUNICACAO LTDA","PODERDATA PESQUISA, JORNALISMO E COMUNICACAO LTDA",https://www.poder360.com.br/poderdata/lula-tem-45-contra-44-de-flavio-no-2o-turno-diz-poderdata-aya/,
1,53,Nexus,21–23 Aug,2026-08-23,2006,±2 pp,casado_amostra_realizada,BR090282026,NEXUS PESQUISA E INTELIGENCIA DE DADOS LTDA,2026-08-23,2026-08-24,2000,6,2,164888.89,BANCO BTG PACTUAL S.A.,BANCO BTG PACTUAL S.A.,https://www.poder360.com.br/poder-eleicoes-2026/lula-tem-46-contra-45-de-flavio-no-2o-turno-diz-btg-nexus/,Amostra TSE=2000 vs Wiki=2006
1,54,Indexa,20–23 Aug,2026-08-23,2000,±2.2 pp,casado_exato,BR063662026,INSTITUTO INDEXA PESQUISAS LTDA,2026-08-23,2026-08-26,2000,0,2.19,164000.00,AGENCIA ESTADO S.A / AGENCIA ESTADO,AGENCIA ESTADO S.A / AGENCIA ESTADO,https://www.cnnbrasil.com.br/eleicoes/indexa-lula-tem-39-das-intencoes-de-voto-no-1o-turno-flavio-34/,
1,55,Datafolha,18–20 Aug,2026-08-20,2058,±2 pp,casado_exato,BR044962026,DATAFOLHA INSTITUTO DE PESQUISAS LTDA.,2026-08-20,2026-08-21,2058,0,4,307641.60,EMPRESA FOLHA DA MANHA S.A. | GLOBO COMUNICACAO E PARTICIPACOES S/A / TV/REDE/GLOBO.COM/CANAIS GLOBO/GLOBOPLAY/ELETROMIDIA,EMPRESA FOLHA DA MANHA S.A. | GLOBO COMUNICACAO E PARTICIPACOES S/A / TV/REDE/GLOBO.COM/CANAIS GLOBO/GLOBOPLAY/ELETROMIDIA,https://g1.globo.com/politica/eleicoes/2026/pesquisa-eleitoral/noticia/2026/08/21/datafolha-primeiro-turno-21-agosto.ghtml,
1,56,Nexus,14–16 Aug,2026-08-16,2003,±2 pp,casado_amostra_realizada,BR033172026,NEXUS PESQUISA E INTELIGENCIA DE DADOS LTDA,2026-08-16,2026-08-17,2000,3,2,164888.89,BANCO BTG PACTUAL S.A.,BANCO BTG PACTUAL S.A.,https://www.cnnbrasil.com.br/eleicoes/nexus-btg-no-1o-turno-lula-tem-41-e-flavio-36/,Amostra TSE=2000 vs Wiki=2003
2,1,Datafolha,3 Oct,2026-10-03,4006,±2 pp,casado_exato,BR017082026,DATAFOLHA INSTITUTO DE PESQUISAS LTDA.,2026-10-03,2026-10-03,4006,0,4,461462.40,EMPRESA FOLHA DA MANHA S.A. | GLOBO COMUNICACAO E PARTICIPACOES S/A / TV/REDE/GLOBO.COM/CANAIS GLOBO/GLOBOPLAY/ELETROMIDIA,EMPRESA FOLHA DA MANHA S.A. | GLOBO COMUNICACAO E PARTICIPACOES S/A / TV/REDE/GLOBO.COM/CANAIS GLOBO/GLOBOPLAY/ELETROMIDIA,,
2,2,Quaest,2–3 Oct,2026-10-03,3702,±2 pp,casado_exato,BR021972026,"QUAEST PESQUISAS, CONSULTORIA E PROJETOS LTDA.",2026-10-03,2026-10-03,3702,0,2,570108.00,GLOBO COMUNICACAO E PARTICIPACOES S/A / TV/REDE/GLOBO.COM/CANAIS GLOBO/GLOBOPLAY/ELETROMIDIA | EDITORA GLOBO S/A / EDITORA GLOBO,GLOBO COMUNICACAO E PARTICIPACOES S/A / TV/REDE/GLOBO.COM/CANAIS GLOBO/GLOBOPLAY/ELETROMIDIA | EDITORA GLOBO S/A / EDITORA GLOBO,https://g1.globo.com/politica/eleicoes/2026/pesquisa-eleitoral/noticia/2026/10/03/quaest-2o-turno-flavio-bolsonaro-44percent-lula-42percent.ghtml,
2,3,Futura,2–3 Oct,2026-10-03,2000,±2.2 pp,casado_exato,BR024312026,100% CIDADES PARTICIPACOES LTDA,2026-10-03,2026-10-03,2000,0,2.2,160000.00,FUTURA CONSULTORIA E ASSESSORIA LTDA / FUTURA,FUTURA CONSULTORIA E ASSESSORIA LTDA / FUTURA,,
2,4,Palver,30 Sep–3 Oct,2026-10-03,5000,±2.4 pp,casado_exato,BR001982026,PALVER CONSULTORIA E DESENVOLVIMENTO TECNOLOGICO LTDA.,2026-10-03,2026-10-03,5000,0,4,30000.00,PALVER CONSULTORIA E DESENVOLVIMENTO TECNOLOGICO LTDA.,PALVER CONSULTORIA E DESENVOLVIMENTO TECNOLOGICO LTDA.,,
2,5,PoderData,30 Sep–2 Oct,2026-10-02,4000,±1.5 pp,casado_exato,BR035192026,"PODERDATA PESQUISA, JORNALISMO E COMUNICACAO LTDA",2026-10-02,2026-10-03,4000,0,2,103715.00,"PODERDATA PESQUISA, JORNALISMO E COMUNICACAO LTDA","PODERDATA PESQUISA, JORNALISMO E COMUNICACAO LTDA",,
2,6,MDA,29 Sep–2 Oct,2026-10-02,2007,±2.2 pp,casado_amostra_realizada,BR047562026,MDA-PESQUISA DE OPINIAO PUBLICA E CONSULT. ESTATIST. LTDA - EPP,2026-10-02,2026-10-03,2002,5,2.2,222453.00,CONFEDERACAO NACIONAL DO TRANSPORTE,CONFEDERACAO NACIONAL DO TRANSPORTE,,Amostra TSE=2002 vs Wiki=2007
2,7,AtlasIntel,27 Sep–2 Oct,2026-10-02,4945,±1 pp,casado_amostra_realizada,BR009992026,ATLASINTEL TECNOLOGIA DE DADOS LTDA,2026-10-02,2026-10-03,5000,-55,1,75000.00,ATLASINTEL TECNOLOGIA DE DADOS LTDA,ATLASINTEL TECNOLOGIA DE DADOS LTDA,,Amostra TSE=5000 vs Wiki=4945
2,8,Vox Brasil,29 Sep–1 Oct,2026-10-01,2100,±2.15 pp,casado_exato,BR001482026,INSTITUTO VOX BRASIL OPINIAO E PESQUISAS LTDA,2026-10-01,2026-10-02,2100,0,2.15,50000.00,INSTITUTO VOX BRASIL OPINIAO E PESQUISAS LTDA,INSTITUTO VOX BRASIL OPINIAO E PESQUISAS LTDA,,
2,9,Datafolha,28–30 Sep,2026-09-30,2506,±2 pp,casado_data_proxima,BR080392026,DATAFOLHA INSTITUTO DE PESQUISAS LTDA.,2026-10-01,2026-10-01,2506,0,4,384552.00,EMPRESA FOLHA DA MANHA S.A. | GLOBO COMUNICACAO E PARTICIPACOES S/A / TV/REDE/GLOBO.COM/CANAIS GLOBO/GLOBOPLAY/ELETROMIDIA,EMPRESA FOLHA DA MANHA S.A. | GLOBO COMUNICACAO E PARTICIPACOES S/A / TV/REDE/GLOBO.COM/CANAIS GLOBO/GLOBOPLAY/ELETROMIDIA,https://g1.globo.com/politica/eleicoes/2026/pesquisa-eleitoral/noticia/2026/10/01/datafolha-presidente-1-outubro.ghtml,Data TSE=2026-10-01 vs Wiki=2026-09-30
2,10,Real Time,26–30 Sep,2026-09-30,2000,±2 pp,casado_exato,BR095032026,REAL TIME MIDIA LTDA,2026-09-30,2026-10-01,2000,0,2,30000.00,REAL TIME MIDIA LTDA,REAL TIME MIDIA LTDA,https://www.cnnbrasil.com.br/eleicoes/real-time-big-data-flavio-tem-46-no-2o-turno-lula-45/,
2,11,Indexa,27–29 Sep,2026-09-29,2000,±2.2 pp,casado_exato,BR006982026,INSTITUTO INDEXA PESQUISAS LTDA,2026-09-29,2026-09-30,2000,0,2.2,164000.00,AGENCIA ESTADO S.A / AGENCIA ESTADO,AGENCIA ESTADO S.A / AGENCIA ESTADO,https://www.cnnbrasil.com.br/eleicoes/indexa-broadcast-no-2o-turno-lula-tem-43-flavio-42/,
2,12,Futura,25–29 Sep,2026-09-29,2000,±2.2 pp,casado_exato,BR011222026,100% CIDADES PARTICIPACOES LTDA,2026-09-29,2026-09-30,2000,0,2.2,160000.00,FUTURA CONSULTORIA E ASSESSORIA LTDA / FUTURA,FUTURA CONSULTORIA E ASSESSORIA LTDA / FUTURA,https://www.cnnbrasil.com.br/eleicoes/futura-flavio-tem-49-das-intencoes-de-voto-no-2o-turno-lula-435/,
2,13,Vox Brasil,26–28 Sep,2026-09-28,2100,±2.15 pp,casado_exato,BR008952026,INSTITUTO VOX BRASIL OPINIAO E PESQUISAS LTDA,2026-09-28,2026-09-29,2100,0,2.15,50000.00,INSTITUTO VOX BRASIL OPINIAO E PESQUISAS LTDA,INSTITUTO VOX BRASIL OPINIAO E PESQUISAS LTDA,https://www.cnnbrasil.com.br/eleicoes/vox-flavio-tem-452-das-intencoes-de-voto-no-2o-turno-lula-447/,
2,14,Ideia,25–28 Sep,2026-09-28,2000,±2.2 pp,casado_exato,BR087062026,BOAS IDEIAS INTELIGENCIA EM PESQUISA E ESTRATEGIA DIGITAL LTDA,2026-09-28,2026-09-30,2000,0,13,46000.00,CANAL MEIO S.A.,CANAL MEIO S.A.,,
2,15,AtlasIntel,23–28 Sep,2026-09-28,5005,±1 pp,casado_amostra_realizada,BR043912026,ATLASINTEL TECNOLOGIA DE DADOS LTDA,2026-09-28,2026-09-29,5000,5,1,75000.00,ATLASINTEL TECNOLOGIA DE DADOS LTDA,ATLASINTEL TECNOLOGIA DE DADOS LTDA,,Amostra TSE=5000 vs Wiki=5005
2,16,Nexus,25–27 Sep,2026-09-27,2000,±2 pp,casado_exato,BR075572026,NEXUS PESQUISA E INTELIGENCIA DE DADOS LTDA,2026-09-27,2026-09-28,2000,0,2,164888.89,BANCO BTG PACTUAL S.A.,BANCO BTG PACTUAL S.A.,,
2,17,Quaest,24–27 Sep,2026-09-27,2004,±2 pp,casado_exato,BR065202026,"QUAEST PESQUISAS, CONSULTORIA E PROJETOS LTDA.",2026-09-27,2026-09-28,2004,0,2,314628.00,GLOBO COMUNICACAO E PARTICIPACOES S/A / TV/REDE/GLOBO.COM/CANAIS GLOBO/GLOBOPLAY/ELETROMIDIA | EDITORA GLOBO S/A / EDITORA GLOBO,GLOBO COMUNICACAO E PARTICIPACOES S/A / TV/REDE/GLOBO.COM/CANAIS GLOBO/GLOBOPLAY/ELETROMIDIA | EDITORA GLOBO S/A / EDITORA GLOBO,,
2,18,Palver,24–27 Sep,2026-09-27,5000,±2.4 pp,casado_data_proxima,BR029902026,PALVER CONSULTORIA E DESENVOLVIMENTO TECNOLOGICO LTDA.,2026-09-28,2026-09-29,5000,0,4,30000.00,PALVER CONSULTORIA E DESENVOLVIMENTO TECNOLOGICO LTDA.,PALVER CONSULTORIA E DESENVOLVIMENTO TECNOLOGICO LTDA.,https://www.cnnbrasil.com.br/eleicoes/palver-flavio-tem-47-das-intencoes-de-voto-no-2o-turno-lula-45/,Data TSE=2026-09-28 vs Wiki=2026-09-27
2,19,Datafolha,22–24 Sep,2026-09-24,2002,±2 pp,casado_exato,BR003042026,DATAFOLHA INSTITUTO DE PESQUISAS LTDA.,2026-09-24,2026-09-24,2002,0,4,307641.60,EMPRESA FOLHA DA MANHA S.A. | GLOBO COMUNICACAO E PARTICIPACOES S/A / TV/REDE/GLOBO.COM/CANAIS GLOBO/GLOBOPLAY/ELETROMIDIA,EMPRESA FOLHA DA MANHA S.A. | GLOBO COMUNICACAO E PARTICIPACOES S/A / TV/REDE/GLOBO.COM/CANAIS GLOBO/GLOBOPLAY/ELETROMIDIA,https://www.cnnbrasil.com.br/eleicoes/datafolha-lula-tem-47-no-2o-turno-flavio-45/,
2,20,Futura,18–24 Sep,2026-09-24,2000,±2.4 pp,casado_exato,BR052682026,100% CIDADES PARTICIPACOES LTDA,2026-09-24,2026-09-24,2000,0,2.2,160000.00,FUTURA CONSULTORIA E ASSESSORIA LTDA / FUTURA,FUTURA CONSULTORIA E ASSESSORIA LTDA / FUTURA,https://www.cnnbrasil.com.br/eleicoes/futura-flavio-tem-494-no-2o-turno-lula-437/,
2,21,PoderData,20–23 Sep,2026-09-23,3000,±1.8 pp,casado_exato,BR017392026,"PODERDATA PESQUISA, JORNALISMO E COMUNICACAO LTDA",2026-09-23,2026-09-24,3000,0,2,103715.00,"PODERDATA PESQUISA, JORNALISMO E COMUNICACAO LTDA","PODERDATA PESQUISA, JORNALISMO E COMUNICACAO LTDA",https://www.poder360.com.br/poderdata/em-votos-validos-lula-tem-43-contra-42-de-flavio-no-1o-turno/,
2,22,Palver,20–23 Sep,2026-09-23,5000,±3 pp,casado_exato,BR095872026,PALVER CONSULTORIA E DESENVOLVIMENTO TECNOLOGICO LTDA.,2026-09-23,2026-09-24,5000,0,4,30000.00,PALVER CONSULTORIA E DESENVOLVIMENTO TECNOLOGICO LTDA.,PALVER CONSULTORIA E DESENVOLVIMENTO TECNOLOGICO LTDA.,https://www.cnnbrasil.com.br/eleicoes/palver-flavio-tem-48-das-intencoes-de-voto-no-2o-turno-lula-45/,
2,23,Real Time,19–23 Sep,2026-09-23,2000,±2 pp,casado_exato,BR042022026,REAL TIME MIDIA LTDA,2026-09-23,2026-09-24,2000,0,2,30000.00,REAL TIME MIDIA LTDA,REAL TIME MIDIA LTDA,https://www.cnnbrasil.com.br/eleicoes/real-time-big-data-flavio-tem-45-no-2o-turno-lula-44/,
2,24,AtlasIntel,17–22 Sep,2026-09-22,5015,±1 pp,casado_amostra_realizada,BR047392026,ATLASINTEL TECNOLOGIA DE DADOS LTDA,2026-09-22,2026-09-23,5000,15,1,75000.00,ATLASINTEL TECNOLOGIA DE DADOS LTDA,ATLASINTEL TECNOLOGIA DE DADOS LTDA,https://www.cnnbrasil.com.br/eleicoes/atlas-bloomberg-lula-tem-477-no-2o-turno-flavio-474/,Amostra TSE=5000 vs Wiki=5015
2,25,Nexus,18–20 Sep,2026-09-20,2006,±2 pp,casado_amostra_realizada,BR004852026,NEXUS PESQUISA E INTELIGENCIA DE DADOS LTDA,2026-09-20,2026-09-21,2000,6,2,164888.89,BANCO BTG PACTUAL S.A.,BANCO BTG PACTUAL S.A.,https://www.cnnbrasil.com.br/eleicoes/nexus-btg-2o-turno-lula-empata-com-caiado-e-tem-empate-tecnico-com-flavio/,Amostra TSE=2000 vs Wiki=2006
2,26,Quaest,17–20 Sep,2026-09-20,2004,±2 pp,casado_exato,BR060042026,"QUAEST PESQUISAS, CONSULTORIA E PROJETOS LTDA.",2026-09-20,2026-09-21,2004,0,2,314628.00,EDITORA GLOBO S/A / EDITORA GLOBO | GLOBO COMUNICACAO E PARTICIPACOES S/A / TV/REDE/GLOBO.COM/CANAIS GLOBO/GLOBOPLAY/ELETROMIDIA,EDITORA GLOBO S/A / EDITORA GLOBO | GLOBO COMUNICACAO E PARTICIPACOES S/A / TV/REDE/GLOBO.COM/CANAIS GLOBO/GLOBOPLAY/ELETROMIDIA,,
2,27,Palver,15–20 Sep,2026-09-20,5000,±3 pp,casado_exato,BR008602026,PALVER CONSULTORIA E DESENVOLVIMENTO TECNOLOGICO LTDA.,2026-09-20,2026-09-20,5000,0,4,30000.00,PALVER CONSULTORIA E DESENVOLVIMENTO TECNOLOGICO LTDA.,PALVER CONSULTORIA E DESENVOLVIMENTO TECNOLOGICO LTDA.,,
2,28,Datafolha,15–16 Sep,2026-09-16,2002,±2 pp,casado_data_proxima,BR040292026,DATAFOLHA INSTITUTO DE PESQUISAS LTDA.,2026-09-17,2026-09-17,2002,0,4,307641.60,GLOBO COMUNICACAO E PARTICIPACOES S/A / TV/REDE/GLOBO.COM/CANAIS GLOBO/GLOBOPLAY/ELETROMIDIA | EMPRESA FOLHA DA MANHA S.A.,GLOBO COMUNICACAO E PARTICIPACOES S/A / TV/REDE/GLOBO.COM/CANAIS GLOBO/GLOBOPLAY/ELETROMIDIA | EMPRESA FOLHA DA MANHA S.A.,https://g1.globo.com/politica/eleicoes/2026/pesquisa-eleitoral/noticia/2026/09/17/datafolha-segundo-turno-presidente-17-setembro.ghtml,Data TSE=2026-09-17 vs Wiki=2026-09-16
2,29,PoderData,13–16 Sep,2026-09-16,3000,±1.8 pp,casado_exato,BR003602026,"PODERDATA PESQUISA, JORNALISMO E COMUNICACAO LTDA",2026-09-16,2026-09-17,3000,0,2,103715.00,"PODERDATA PESQUISA, JORNALISMO E COMUNICACAO LTDA","PODERDATA PESQUISA, JORNALISMO E COMUNICACAO LTDA",,
2,30,AtlasIntel,11–16 Sep,2026-09-16,5018,±1 pp,casado_amostra_realizada,BR062212026,ATLASINTEL TECNOLOGIA DE DADOS LTDA,2026-09-16,2026-09-17,5000,18,1,75000.00,ATLASINTEL TECNOLOGIA DE DADOS LTDA,ATLASINTEL TECNOLOGIA DE DADOS LTDA,https://www.cnnbrasil.com.br/eleicoes/flavio-tem-472-no-2o-turno-lula-468-diz-atlas/,Amostra TSE=5000 vs Wiki=5018
2,31,Futura,11–15 Sep,2026-09-15,2000,±2.2 pp,casado_data_proxima,BR007492026,100% CIDADES PARTICIPACOES LTDA,2026-09-17,2026-09-17,2000,0,2.2,160000.00,FUTURA CONSULTORIA E ASSESSORIA LTDA / FUTURA,FUTURA CONSULTORIA E ASSESSORIA LTDA / FUTURA,https://www.cnnbrasil.com.br/eleicoes/futura-flavio-tem-481-no-2o-turno-lula-437/,Data TSE=2026-09-17 vs Wiki=2026-09-15
2,32,Nexus,11–13 Sep,2026-09-13,2003,±2 pp,casado_amostra_realizada,BR040762026,NEXUS PESQUISA E INTELIGENCIA DE DADOS LTDA,2026-09-13,2026-09-14,2000,3,2,164888.89,BANCO BTG PACTUAL S.A.,BANCO BTG PACTUAL S.A.,https://www.cnnbrasil.com.br/eleicoes/nexus-btg-lula-empata-com-flavio-e-cury-no-2-turno/,Amostra TSE=2000 vs Wiki=2003
2,33,Quaest,10–13 Sep,2026-09-13,2004,±2 pp,casado_exato,BR036072026,"QUAEST PESQUISAS, CONSULTORIA E PROJETOS LTDA.",2026-09-13,2026-09-14,2004,0,2,314628.00,EDITORA GLOBO S/A / EDITORA GLOBO | GLOBO COMUNICACAO E PARTICIPACOES S/A / TV/REDE/GLOBO.COM/CANAIS GLOBO/GLOBOPLAY/ELETROMIDIA,EDITORA GLOBO S/A / EDITORA GLOBO | GLOBO COMUNICACAO E PARTICIPACOES S/A / TV/REDE/GLOBO.COM/CANAIS GLOBO/GLOBOPLAY/ELETROMIDIA,,
2,34,Indexa,10–13 Sep,2026-09-13,2000,±2.2 pp,casado_exato,BR034822026,INSTITUTO INDEXA PESQUISAS LTDA,2026-09-13,2026-09-15,2000,0,2.19,164000.00,AGENCIA ESTADO S.A / AGENCIA ESTADO,AGENCIA ESTADO S.A / AGENCIA ESTADO,,
2,35,MDA,9–13 Sep,2026-09-13,2002,±2.2 pp,casado_exato,BR069022026,MDA-PESQUISA DE OPINIAO PUBLICA E CONSULT. ESTATIST. LTDA - EPP,2026-09-13,2026-09-15,2002,0,2.2,222453.00,CONFEDERACAO NACIONAL DO TRANSPORTE,CONFEDERACAO NACIONAL DO TRANSPORTE,https://www.cnnbrasil.com.br/eleicoes/cnt-mda-lula-tem-473-e-flavio-40-no-2o-turno/,
2,36,Datafolha,8–10 Sep,2026-09-10,2002,±2 pp,casado_data_proxima,BR018332026,DATAFOLHA INSTITUTO DE PESQUISAS LTDA.,2026-09-11,2026-09-11,2002,0,4,307641.60,GLOBO COMUNICACAO E PARTICIPACOES S/A / TV/REDE/GLOBO.COM/CANAIS GLOBO/GLOBOPLAY/ELETROMIDIA | EMPRESA FOLHA DA MANHA S.A.,GLOBO COMUNICACAO E PARTICIPACOES S/A / TV/REDE/GLOBO.COM/CANAIS GLOBO/GLOBOPLAY/ELETROMIDIA | EMPRESA FOLHA DA MANHA S.A.,https://www.cnnbrasil.com.br/eleicoes/datafolha-lula-tem-46-no-2o-turno-flavio-44/,Data TSE=2026-09-11 vs Wiki=2026-09-10
2,37,Futura,4–10 Sep,2026-09-10,2000,±2.2 pp,casado_data_proxima,BR023222026,100% CIDADES PARTICIPACOES LTDA,2026-09-09,2026-09-10,2000,0,2.2,160000.00,FUTURA CONSULTORIA E ASSESSORIA LTDA / FUTURA,FUTURA CONSULTORIA E ASSESSORIA LTDA / FUTURA,https://www.cnnbrasil.com.br/eleicoes/futura-flavio-tem-454-contra-45-de-lula-no-2o-turno/,Data TSE=2026-09-09 vs Wiki=2026-09-10
2,38,PoderData,6–9 Sep,2026-09-09,3000,±1.8 pp,casado_exato,BR049142026,"PODERDATA PESQUISA, JORNALISMO E COMUNICACAO LTDA",2026-09-09,2026-09-10,3000,0,2,103715.00,"PODERDATA PESQUISA, JORNALISMO E COMUNICACAO LTDA","PODERDATA PESQUISA, JORNALISMO E COMUNICACAO LTDA",,
2,39,AtlasIntel,4–9 Sep,2026-09-09,5000,±1 pp,casado_exato,BR014522026,ATLASINTEL TECNOLOGIA DE DADOS LTDA,2026-09-09,2026-09-10,5000,0,1,75000.00,ATLASINTEL TECNOLOGIA DE DADOS LTDA,ATLASINTEL TECNOLOGIA DE DADOS LTDA,https://www.cnnbrasil.com.br/eleicoes/atlasintel-bloomberg-flavio-tem-464-no-2o-turno-lula-462/,
2,40,Palver,4–7 Sep,2026-09-07,5000,±3 pp,casado_data_proxima,BR054202026,PALVER CONSULTORIA E DESENVOLVIMENTO TECNOLOGICO LTDA.,2026-09-08,2026-09-09,5000,0,4,30000.00,PALVER CONSULTORIA E DESENVOLVIMENTO TECNOLOGICO LTDA.,PALVER CONSULTORIA E DESENVOLVIMENTO TECNOLOGICO LTDA.,,Data TSE=2026-09-08 vs Wiki=2026-09-07
2,41,Ideia,4–7 Sep,2026-09-07,1500,±2.5 pp,casado_exato,BR079352026,BOAS IDEIAS INTELIGENCIA EM PESQUISA E ESTRATEGIA DIGITAL LTDA,2026-09-07,2026-09-09,1500,0,13,27600.00,CANAL MEIO S.A.,CANAL MEIO S.A.,,
2,42,Nexus,4–7 Sep,2026-09-07,2002,±2 pp,casado_amostra_realizada,BR067902026,NEXUS PESQUISA E INTELIGENCIA DE DADOS LTDA,2026-09-07,2026-09-08,2000,2,2,164888.89,BANCO BTG PACTUAL S.A.,BANCO BTG PACTUAL S.A.,https://www.cnnbrasil.com.br/eleicoes/nexus-btg-lula-tem-empate-tecnico-com-flavio-caiado-e-cury-no-2o-turno/,Amostra TSE=2000 vs Wiki=2002
2,43,Quaest,3–6 Sep,2026-09-06,2004,±2 pp,casado_exato,BR017202026,"QUAEST PESQUISAS, CONSULTORIA E PROJETOS LTDA.",2026-09-06,2026-09-07,2004,0,2,314628.00,EDITORA GLOBO S/A / EDITORA GLOBO | GLOBO COMUNICACAO E PARTICIPACOES S/A / TV/REDE/GLOBO.COM/CANAIS GLOBO/GLOBOPLAY/ELETROMIDIA,EDITORA GLOBO S/A / EDITORA GLOBO | GLOBO COMUNICACAO E PARTICIPACOES S/A / TV/REDE/GLOBO.COM/CANAIS GLOBO/GLOBOPLAY/ELETROMIDIA,https://www.cnnbrasil.com.br/eleicoes/quaest-segundo-turno-setembro/,
2,44,Datafolha,1–2 Sep,2026-09-02,2002,±2 pp,casado_data_proxima,BR036692026,DATAFOLHA INSTITUTO DE PESQUISAS LTDA.,2026-09-03,2026-09-03,2002,0,4,307641.60,EMPRESA FOLHA DA MANHA S.A. | GLOBO COMUNICACAO E PARTICIPACOES S/A / TV/REDE/GLOBO.COM/CANAIS GLOBO/GLOBOPLAY/ELETROMIDIA,EMPRESA FOLHA DA MANHA S.A. | GLOBO COMUNICACAO E PARTICIPACOES S/A / TV/REDE/GLOBO.COM/CANAIS GLOBO/GLOBOPLAY/ELETROMIDIA,https://g1.globo.com/politica/eleicoes/2026/pesquisa-eleitoral/noticia/2026/09/03/datafolha-2o-turno-presidente-3-setembro.ghtml,Data TSE=2026-09-03 vs Wiki=2026-09-02
2,45,PoderData,30 Aug – 2 Sep,2026-09-02,3000,±1.8 pp,casado_exato,BR075612026,"PODERDATA PESQUISA, JORNALISMO E COMUNICACAO LTDA",2026-09-02,2026-09-03,3000,0,2,103715.00,"PODERDATA PESQUISA, JORNALISMO E COMUNICACAO LTDA","PODERDATA PESQUISA, JORNALISMO E COMUNICACAO LTDA",,
2,46,Quaest,30 Aug – 1 Sep,2026-09-01,2005,±2 pp,casado_amostra_realizada,BR070652026,"QUAEST PESQUISAS, CONSULTORIA E PROJETOS LTDA.",2026-09-01,2026-09-02,2004,1,2,314628.00,EDITORA GLOBO S/A / EDITORA GLOBO | GLOBO COMUNICACAO E PARTICIPACOES S/A / TV/REDE/GLOBO.COM/CANAIS GLOBO/GLOBOPLAY/ELETROMIDIA,EDITORA GLOBO S/A / EDITORA GLOBO | GLOBO COMUNICACAO E PARTICIPACOES S/A / TV/REDE/GLOBO.COM/CANAIS GLOBO/GLOBOPLAY/ELETROMIDIA,,Amostra TSE=2004 vs Wiki=2005
2,47,Futura,27 Aug – 1 Sep,2026-09-01,2000,±2.2 pp,casado_exato,BR027932026,100% CIDADES PARTICIPACOES LTDA,2026-09-01,2026-09-03,2000,0,2.2,160000.00,FUTURA CONSULTORIA E ASSESSORIA LTDA / FUTURA,FUTURA CONSULTORIA E ASSESSORIA LTDA / FUTURA,https://www.cnnbrasil.com.br/eleicoes/futura-lula-tem-456-contra-452-de-flavio-no-2o-turno/,
2,48,Real Time,27–31 Aug,2026-08-31,2000,±2 pp,casado_exato,BR034902026,REAL TIME MIDIA LTDA,2026-08-31,2026-09-01,2000,0,2,30000.00,REAL TIME MIDIA LTDA,REAL TIME MIDIA LTDA,,
2,49,Nexus,28–30 Aug,2026-08-30,2005,±2 pp,casado_amostra_realizada,BR089002026,NEXUS PESQUISA E INTELIGENCIA DE DADOS LTDA,2026-08-30,2026-08-31,2000,5,2,164888.89,BANCO BTG PACTUAL S.A.,BANCO BTG PACTUAL S.A.,,Amostra TSE=2000 vs Wiki=2005
2,50,AtlasIntel,25–30 Aug,2026-08-30,5014,±1.0 pp,casado_amostra_realizada,BR079722026,ATLASINTEL TECNOLOGIA DE DADOS LTDA,2026-08-30,2026-08-31,5000,14,1,75000.00,ATLASINTEL TECNOLOGIA DE DADOS LTDA,ATLASINTEL TECNOLOGIA DE DADOS LTDA,,Amostra TSE=5000 vs Wiki=5014
2,51,Vox Brasil,25–27 Aug,2026-08-27,2100,±2.15 pp,casado_exato,BR055192026,INSTITUTO VOX BRASIL OPINIAO E PESQUISAS LTDA,2026-08-27,2026-08-29,2100,0,2.15,50000.00,INSTITUTO VOX BRASIL OPINIAO E PESQUISAS LTDA,INSTITUTO VOX BRASIL OPINIAO E PESQUISAS LTDA,,
2,52,PoderData,23–26 Aug,2026-08-26,2400,±2 pp,casado_exato,BR049742026,"PODERDATA PESQUISA, JORNALISMO E COMUNICACAO LTDA",2026-08-26,2026-08-27,2400,0,2,103715.00,"PODERDATA PESQUISA, JORNALISMO E COMUNICACAO LTDA","PODERDATA PESQUISA, JORNALISMO E COMUNICACAO LTDA",,
2,53,Nexus,21–23 Aug,2026-08-23,2006,±2 pp,casado_amostra_realizada,BR090282026,NEXUS PESQUISA E INTELIGENCIA DE DADOS LTDA,2026-08-23,2026-08-24,2000,6,2,164888.89,BANCO BTG PACTUAL S.A.,BANCO BTG PACTUAL S.A.,,Amostra TSE=2000 vs Wiki=2006
2,54,Indexa,20–23 Aug,2026-08-23,2000,±2.2 pp,casado_exato,BR063662026,INSTITUTO INDEXA PESQUISAS LTDA,2026-08-23,2026-08-26,2000,0,2.19,164000.00,AGENCIA ESTADO S.A / AGENCIA ESTADO,AGENCIA ESTADO S.A / AGENCIA ESTADO,https://www.cnnbrasil.com.br/eleicoes/indexa-lula-tem-46-no-2o-turno-flavio-41/,
2,55,Datafolha,18–20 Aug,2026-08-20,2058,±2 pp,casado_exato,BR044962026,DATAFOLHA INSTITUTO DE PESQUISAS LTDA.,2026-08-20,2026-08-21,2058,0,4,307641.60,EMPRESA FOLHA DA MANHA S.A. | GLOBO COMUNICACAO E PARTICIPACOES S/A / TV/REDE/GLOBO.COM/CANAIS GLOBO/GLOBOPLAY/ELETROMIDIA,EMPRESA FOLHA DA MANHA S.A. | GLOBO COMUNICACAO E PARTICIPACOES S/A / TV/REDE/GLOBO.COM/CANAIS GLOBO/GLOBOPLAY/ELETROMIDIA,,
2,56,Nexus,14–16 Aug,2026-08-16,2003,±2 pp,casado_amostra_realizada,BR033172026,NEXUS PESQUISA E INTELIGENCIA DE DADOS LTDA,2026-08-16,2026-08-17,2000,3,2,164888.89,BANCO BTG PACTUAL S.A.,BANCO BTG PACTUAL S.A.,https://www.cnnbrasil.com.br/eleicoes/nexus-btg-lula-empata-com-flavio-e-caiado-no-2o-turno-3/,Amostra TSE=2000 vs Wiki=2003
