uf,apur_snapshot,lula_parcial,flavio_parcial,lula_proj,flavio_proj,lula_final,flavio_final,validos_proj,validos_final,erro_lula_proj_pp,erro_flavio_proj_pp,erro_margem_proj_pp,erro_margem_parcial_pp,erro_validos_pct
ac,0.97791,0.28662,0.64610,0.28699,0.64573,0.28732,0.64555,469171.90000,469066.00000,-0.03216,0.01740,-0.04955,-0.12500,0.02258
al,0.53913,0.56904,0.38585,0.54021,0.41114,0.54730,0.40449,1840516.10000,1818856.00000,-0.70854,0.66447,-1.37302,4.03915,1.19086
am,0.85835,0.45829,0.47007,0.47738,0.45416,0.48166,0.45055,2168291.60000,2167415.00000,-0.42793,0.36137,-0.78931,-4.28913,0.04044
ap,0.80533,0.46337,0.45118,0.45776,0.45520,0.45714,0.45665,465465.50000,464858.00000,0.06282,-0.14468,0.20750,1.17130,0.13069
ba,0.66007,0.64921,0.29521,0.64975,0.29579,0.66167,0.28541,8600621.40000,8554969.00000,-1.19205,1.03868,-2.23073,-2.22669,0.53364
ce,0.68814,0.61705,0.32527,0.62296,0.32056,0.63286,0.31273,5621651.60000,5617814.00000,-0.98935,0.78268,-1.77202,-2.83507,0.06831
df,0.99422,0.38123,0.51295,0.38123,0.51295,0.38111,0.51309,1773069.40000,1772808.00000,0.01278,-0.01476,0.02753,0.02754,0.01474
es,0.99172,0.37669,0.54865,0.37702,0.54835,0.37761,0.54782,2251050.50000,2251078.00000,-0.05845,0.05260,-0.11105,-0.17380,-0.00122
go,0.91534,0.30646,0.54012,0.30896,0.53788,0.31059,0.53605,3833997.70000,3827823.00000,-0.16328,0.18340,-0.34668,-0.82089,0.16131
ma,0.73988,0.62578,0.32177,0.63282,0.31547,0.63985,0.30900,4020201.40000,4009547.00000,-0.70317,0.64657,-1.34973,-2.68390,0.26573
mg,0.80976,0.42453,0.48903,0.43083,0.48414,0.43313,0.48253,11987859.40000,11967657.00000,-0.23031,0.16052,-0.39083,-1.50979,0.16881
ms,0.99308,0.34517,0.58744,0.34530,0.58742,0.34682,0.58603,1491413.80000,1490278.00000,-0.15165,0.13901,-0.29067,-0.30598,0.07621
mt,0.95594,0.28924,0.65362,0.29082,0.65236,0.29182,0.65148,1994753.70000,1993288.00000,-0.09955,0.08866,-0.18821,-0.47223,0.07353
pa,0.83694,0.48272,0.45844,0.49332,0.44979,0.49904,0.44503,4861523.10000,4861904.00000,-0.57174,0.47576,-1.04751,-2.97207,-0.00783
pb,0.97562,0.61206,0.33151,0.61300,0.33075,0.61308,0.33073,2514202.00000,2513747.00000,-0.00764,0.00210,-0.00973,-0.17901,0.01810
pe,0.74743,0.62507,0.31868,0.63221,0.31244,0.63452,0.31031,5617616.40000,5601017.00000,-0.23108,0.21283,-0.44390,-1.78265,0.29636
pi,0.84504,0.70323,0.24632,0.70289,0.24686,0.70987,0.24090,2147074.10000,2146105.00000,-0.69873,0.59632,-1.29505,-1.20690,0.04516
pr,0.99151,0.31136,0.59956,0.31191,0.59917,0.31200,0.59912,6585437.30000,6585243.00000,-0.00853,0.00526,-0.01378,-0.10765,0.00295
rj,0.71590,0.39192,0.53307,0.40044,0.52377,0.39415,0.53010,9362934.60000,9369700.00000,0.62921,-0.63233,1.26154,-0.51961,-0.07221
rn,0.82838,0.59720,0.34762,0.59366,0.35089,0.59750,0.34775,2077079.60000,2071898.00000,-0.38400,0.31496,-0.69895,-0.01727,0.25009
ro,0.97986,0.25978,0.67359,0.25901,0.67440,0.25894,0.67453,968031.80000,968059.00000,0.00769,-0.01340,0.02108,0.17825,-0.00281
rr,0.98230,0.22449,0.71408,0.22656,0.71236,0.22860,0.71057,325409.70000,325545.00000,-0.20377,0.17914,-0.38291,-0.76233,-0.04156
rs,0.97860,0.35769,0.55581,0.35746,0.55614,0.35727,0.55640,6424761.10000,6423046.00000,0.01935,-0.02551,0.04486,0.10153,0.02670
sc,0.94779,0.25061,0.66586,0.25053,0.66613,0.25043,0.66654,4499965.60000,4500897.00000,0.00990,-0.04070,0.05060,0.08556,-0.02069
se,0.91973,0.62155,0.31098,0.62530,0.30833,0.62749,0.30629,1365586.80000,1364196.00000,-0.21873,0.20398,-0.42271,-1.06212,0.10195
sp,0.89860,0.37998,0.52157,0.38176,0.51942,0.38201,0.51931,24894525.30000,24882948.00000,-0.02466,0.01073,-0.03539,-0.42857,0.04653
to,0.98715,0.43506,0.50359,0.43415,0.50447,0.43421,0.50440,930426.70000,930447.00000,-0.00594,0.00620,-0.01215,0.16716,-0.00218
zz,0.68045,0.51086,0.39513,0.47276,0.42708,0.47566,0.43490,364563.90000,330882.00000,-0.29029,-0.78231,0.49201,7.49642,10.17943
