tipo,pollster,data,data_fim,lula,flavio,lula_valido,status,peso_recencia,peso_normalizado,contribuicao_media_pp,d_m2_pp,d_m2_p_pp,d_ens_mean_pp,d_ens_p_pp
2T,Datafolha,3 Oct,2026-10-03,47.00000,46.00000,0.50538,entra,1.00000,0.09886,4.99630,-0.09501,-1.34550,-0.02850,-0.40365
2T,Quaest,2–3 Oct,2026-10-03,42.00000,44.00000,0.48837,entra,1.00000,0.09886,4.82819,0.09155,1.38771,0.02746,0.41631
2T,Futura,2–3 Oct,2026-10-03,45.10000,48.00000,0.48443,entra,1.00000,0.09886,4.78918,0.13484,2.02544,0.04045,0.60763
2T,Palver,30 Sep–3 Oct,2026-10-03,44.00000,49.00000,0.47312,entra,1.00000,0.09886,4.67739,0.25889,3.86331,0.07767,1.15899
2T,PoderData,30 Sep–2 Oct,2026-10-02,46.00000,46.00000,0.50000,entra,0.90572,0.08954,4.47713,-0.03229,-0.42887,-0.00969,-0.12866
2T,MDA,29 Sep–2 Oct,2026-10-02,47.00000,43.00000,0.52222,entra,0.90572,0.08954,4.67611,-0.25085,-3.64070,-0.07525,-1.09221
2T,AtlasIntel,27 Sep–2 Oct,2026-10-02,47.60000,47.40000,0.50105,entra,0.90572,0.08954,4.48655,-0.04265,-0.58052,-0.01279,-0.17416
2T,Vox Brasil,29 Sep–1 Oct,2026-10-01,45.20000,48.20000,0.48394,entra,0.82034,0.08110,3.92479,0.11276,1.69171,0.03383,0.50751
2T,Datafolha,28–30 Sep,2026-09-30,48.00000,45.00000,0.51613,substituida,,,,,,,
2T,Real Time,26–30 Sep,2026-09-30,45.00000,46.00000,0.49451,entra,0.74300,0.07345,3.63239,0.01753,0.30044,0.00526,0.09013
2T,Indexa,27–29 Sep,2026-09-29,43.00000,42.00000,0.50588,entra,0.67295,0.06653,3.36563,-0.06533,-0.91807,-0.01960,-0.27542
2T,Futura,25–29 Sep,2026-09-29,43.50000,49.00000,0.47027,substituida,,,,,,,
2T,Vox Brasil,26–28 Sep,2026-09-28,44.70000,45.20000,0.49722,substituida,,,,,,,
2T,Ideia,25–28 Sep,2026-09-28,48.50000,48.00000,0.50259,entra,0.60951,0.06026,3.02850,-0.03767,-0.50989,-0.01130,-0.15297
2T,AtlasIntel,23–28 Sep,2026-09-28,47.60000,47.70000,0.49948,substituida,,,,,,,
2T,Nexus,25–27 Sep,2026-09-27,46.00000,44.00000,0.51111,entra,0.55204,0.05458,2.78948,-0.08310,-1.19209,-0.02493,-0.35763
2T,Quaest,24–27 Sep,2026-09-27,42.00000,42.00000,0.50000,substituida,,,,,,,
2T,Palver,24–27 Sep,2026-09-27,45.00000,47.00000,0.48913,substituida,,,,,,,
2T,Datafolha,22–24 Sep,2026-09-24,47.00000,45.00000,0.51087,substituida,,,,,,,
2T,Futura,18–24 Sep,2026-09-24,43.70000,49.40000,0.46939,substituida,,,,,,,
2T,PoderData,20–23 Sep,2026-09-23,45.00000,46.00000,0.49451,substituida,,,,,,,
2T,Palver,20–23 Sep,2026-09-23,45.00000,48.00000,0.48387,substituida,,,,,,,
2T,Real Time,19–23 Sep,2026-09-23,44.00000,45.00000,0.49438,substituida,,,,,,,
2T,AtlasIntel,17–22 Sep,2026-09-22,47.70000,47.40000,0.50158,substituida,,,,,,,
2T,Nexus,18–20 Sep,2026-09-20,46.00000,45.00000,0.50549,substituida,,,,,,,
2T,Quaest,17–20 Sep,2026-09-20,41.00000,42.00000,0.49398,substituida,,,,,,,
2T,Palver,15–20 Sep,2026-09-20,43.00000,47.00000,0.47778,substituida,,,,,,,
2T,Datafolha,15–16 Sep,2026-09-16,46.00000,44.00000,0.51111,antes_do_corte,,,,,,,
2T,PoderData,13–16 Sep,2026-09-16,44.00000,46.00000,0.48889,antes_do_corte,,,,,,,
2T,AtlasIntel,11–16 Sep,2026-09-16,46.80000,47.20000,0.49787,antes_do_corte,,,,,,,
2T,Futura,11–15 Sep,2026-09-15,43.70000,48.10000,0.47603,antes_do_corte,,,,,,,
2T,Nexus,11–13 Sep,2026-09-13,47.00000,46.00000,0.50538,antes_do_corte,,,,,,,
2T,Quaest,10–13 Sep,2026-09-13,40.00000,42.00000,0.48780,antes_do_corte,,,,,,,
2T,Indexa,10–13 Sep,2026-09-13,43.00000,42.00000,0.50588,antes_do_corte,,,,,,,
2T,MDA,9–13 Sep,2026-09-13,47.30000,40.00000,0.54181,antes_do_corte,,,,,,,
2T,Datafolha,8–10 Sep,2026-09-10,46.00000,44.00000,0.51111,antes_do_corte,,,,,,,
2T,Futura,4–10 Sep,2026-09-10,45.00000,45.40000,0.49779,antes_do_corte,,,,,,,
2T,PoderData,6–9 Sep,2026-09-09,45.00000,47.00000,0.48913,antes_do_corte,,,,,,,
2T,AtlasIntel,4–9 Sep,2026-09-09,46.20000,46.40000,0.49892,antes_do_corte,,,,,,,
2T,Palver,4–7 Sep,2026-09-07,44.00000,46.00000,0.48889,antes_do_corte,,,,,,,
2T,Ideia,4–7 Sep,2026-09-07,46.00000,46.00000,0.50000,antes_do_corte,,,,,,,
2T,Nexus,4–7 Sep,2026-09-07,45.00000,46.00000,0.49451,antes_do_corte,,,,,,,
2T,Quaest,3–6 Sep,2026-09-06,41.00000,41.00000,0.50000,antes_do_corte,,,,,,,
2T,Datafolha,1–2 Sep,2026-09-02,46.00000,44.00000,0.51111,antes_do_corte,,,,,,,
2T,PoderData,30 Aug – 2 Sep,2026-09-02,44.00000,45.00000,0.49438,antes_do_corte,,,,,,,
2T,Quaest,30 Aug – 1 Sep,2026-09-01,42.00000,41.00000,0.50602,antes_do_corte,,,,,,,
2T,Futura,27 Aug – 1 Sep,2026-09-01,45.60000,45.20000,0.50220,antes_do_corte,,,,,,,
2T,Real Time,27–31 Aug,2026-08-31,44.00000,44.00000,0.50000,antes_do_corte,,,,,,,
2T,Nexus,28–30 Aug,2026-08-30,46.00000,45.00000,0.50549,antes_do_corte,,,,,,,
2T,AtlasIntel,25–30 Aug,2026-08-30,47.10000,42.60000,0.52508,antes_do_corte,,,,,,,
2T,Vox Brasil,25–27 Aug,2026-08-27,44.50000,45.10000,0.49665,antes_do_corte,,,,,,,
2T,PoderData,23–26 Aug,2026-08-26,45.00000,44.00000,0.50562,antes_do_corte,,,,,,,
2T,Nexus,21–23 Aug,2026-08-23,46.00000,45.00000,0.50549,antes_do_corte,,,,,,,
2T,Indexa,20–23 Aug,2026-08-23,46.00000,41.00000,0.52874,antes_do_corte,,,,,,,
2T,Datafolha,18–20 Aug,2026-08-20,47.00000,43.00000,0.52222,antes_do_corte,,,,,,,
2T,Nexus,14–16 Aug,2026-08-16,47.00000,44.00000,0.51648,antes_do_corte,,,,,,,
