candidato,votos_validos_1t,pct_dos_validos,para_flavio,origem,delta_m1_por_10pp,delta_ens_por_10pp
ESCRITOR AUGUSTO CURY,3448849.55603,2.89087,0.59277,Quaest 34/23 + Datafolha agregado 43/30,-0.27315,-0.13657
RENAN SANTOS,2676055.64861,2.24310,0.75330,Quaest 60/11 + Datafolha 43/22,-0.21402,-0.10701
RONALDO CAIADO,2605265.59457,2.18377,0.64129,Quaest 43/19 + Datafolha agregado 43/30,-0.20972,-0.10486
ZEMA,326509.15688,0.27368,0.65753,Datafolha 48/25,-0.02549,-0.01275
SAMARA,122916.52603,0.10303,0.65000,suposição: direita/menor,-0.00970,-0.00485
HERTZ DIAS,43103.82682,0.03613,0.30000,suposição: esquerda minoritária,-0.00336,-0.00168
CLARIANA BARAO,40042.75579,0.03356,0.65000,suposição: direita/menor,-0.00319,-0.00160
EDMILSON COSTA,22688.97573,0.01902,0.30000,suposição: esquerda minoritária,-0.00176,-0.00088
VETERINÁRIO WILSON GRASSI,16877.77879,0.01415,0.65000,suposição: direita/menor,-0.00134,-0.00067
RUI COSTA PIMENTA,15025.15126,0.01259,0.30000,suposição: esquerda minoritária,-0.00117,-0.00059
