uf,validos,eleitorado,eleitorado_apurado,lula,flavio,outros,lula_pct,flavio_pct,outros_pct,margem_lula_flavio_pp
ac,469066,613742,613742,134770,302807,31489,0.28732,0.64555,0.06713,-35.824
al,1818856,2442126,2442126,995459,735718,87679,0.54730,0.40449,0.04821,14.280
am,2167415,2798611,2794733,1043952,976521,146942,0.48166,0.45055,0.06780,3.111
ap,464858,576988,576988,212503,212278,40077,0.45714,0.45665,0.08621,0.048
ba,8554969,11312752,11305862,5660560,2441646,452763,0.66167,0.28541,0.05292,37.626
ce,5617814,6996545,6996545,3555263,1756850,305701,0.63286,0.31273,0.05442,32.013
df,1772808,2258320,2258320,675627,909616,187565,0.38111,0.51309,0.10580,-13.199
es,2251078,2991650,2991650,850028,1233194,167856,0.37761,0.54782,0.07457,-17.021
go,3827823,5080590,5080590,1188880,2051888,587055,0.31059,0.53605,0.15337,-22.546
ma,4009547,5183115,5181886,2565499,1238962,205086,0.63985,0.30900,0.05115,33.084
mg,11967657,16372372,16359672,5183534,5774791,1009332,0.43313,0.48253,0.08434,-4.940
ms,1490278,2024430,2024430,516855,873351,100072,0.34682,0.58603,0.06715,-23.921
mt,1993288,2637801,2637801,581681,1298581,113026,0.29182,0.65148,0.05670,-35.966
pa,4861904,6262397,6260778,2426263,2163705,271936,0.49904,0.44503,0.05593,5.400
pb,2513747,3248531,3248531,1541127,831377,141243,0.61308,0.33073,0.05619,28.235
pe,5601017,7223450,7223450,3553971,1738043,309003,0.63452,0.31031,0.05517,32.421
pi,2146105,2704758,2704366,1523464,516991,105650,0.70987,0.24090,0.04923,46.898
pr,6585243,8613657,8613657,2054597,3945345,585301,0.31200,0.59912,0.08888,-28.712
rj,9369700,12857648,12857648,3693021,4966844,709835,0.39415,0.53010,0.07576,-13.595
rn,2071898,2659825,2659825,1237963,720493,113442,0.59750,0.34775,0.05475,24.976
ro,968059,1265893,1265893,250667,652988,64404,0.25894,0.67453,0.06653,-41.560
rr,325545,401521,401521,74420,231322,19803,0.22860,0.71057,0.06083,-48.197
rs,6423046,8522545,8522545,2294759,3573783,554504,0.35727,0.55640,0.08633,-19.913
sc,4500897,5734651,5734651,1127168,3000020,373709,0.25043,0.66654,0.08303,-41.611
se,1364196,1740135,1740135,856019,417839,90338,0.62749,0.30629,0.06622,32.120
sp,24882948,34122892,34122892,9505413,12922023,2455512,0.38201,0.51931,0.09868,-13.731
to,930447,1182023,1182023,404009,469321,57117,0.43421,0.50440,0.06139,-7.019
zz,330882,916534,916534,157387,143900,29595,0.47566,0.43490,0.08944,4.076
