uf,candidato,votos,pct_validos
ac,CLARIANA BARAO,215,0.00046
ac,EDMILSON COSTA,140,0.00030
ac,ESCRITOR AUGUSTO CURY,13523,0.02883
ac,FLAVIO BOLSONARO,302807,0.64555
ac,HERTZ DIAS,71,0.00015
ac,LULA,134770,0.28732
ac,RENAN SANTOS,7980,0.01701
ac,RONALDO CAIADO,8594,0.01832
ac,RUI COSTA PIMENTA,40,0.00009
ac,SAMARA,314,0.00067
ac,VETERINÁRIO WILSON GRASSI,39,0.00008
ac,ZEMA,573,0.00122
al,CLARIANA BARAO,636,0.00035
al,EDMILSON COSTA,267,0.00015
al,ESCRITOR AUGUSTO CURY,42427,0.02333
al,FLAVIO BOLSONARO,735718,0.40449
al,HERTZ DIAS,431,0.00024
al,LULA,995459,0.54730
al,RENAN SANTOS,26851,0.01476
al,RONALDO CAIADO,14198,0.00781
al,RUI COSTA PIMENTA,110,0.00006
al,SAMARA,1345,0.00074
al,VETERINÁRIO WILSON GRASSI,246,0.00014
al,ZEMA,1168,0.00064
am,CLARIANA BARAO,929,0.00043
am,EDMILSON COSTA,265,0.00012
am,ESCRITOR AUGUSTO CURY,77517,0.03576
am,FLAVIO BOLSONARO,976521,0.45055
am,HERTZ DIAS,457,0.00021
am,LULA,1043952,0.48166
am,RENAN SANTOS,35405,0.01634
am,RONALDO CAIADO,28270,0.01304
am,RUI COSTA PIMENTA,161,0.00007
am,SAMARA,1867,0.00086
am,VETERINÁRIO WILSON GRASSI,290,0.00013
am,ZEMA,1781,0.00082
ap,CLARIANA BARAO,229,0.00049
ap,EDMILSON COSTA,62,0.00013
ap,ESCRITOR AUGUSTO CURY,19057,0.04100
ap,FLAVIO BOLSONARO,212278,0.45665
ap,HERTZ DIAS,132,0.00028
ap,LULA,212503,0.45714
ap,RENAN SANTOS,11342,0.02440
ap,RONALDO CAIADO,8304,0.01786
ap,RUI COSTA PIMENTA,53,0.00011
ap,SAMARA,508,0.00109
ap,VETERINÁRIO WILSON GRASSI,49,0.00011
ap,ZEMA,341,0.00073
ba,CLARIANA BARAO,1675,0.00020
ba,EDMILSON COSTA,1294,0.00015
ba,ESCRITOR AUGUSTO CURY,195379,0.02284
ba,FLAVIO BOLSONARO,2441646,0.28541
ba,HERTZ DIAS,1791,0.00021
ba,LULA,5660560,0.66167
ba,RENAN SANTOS,117482,0.01373
ba,RONALDO CAIADO,122653,0.01434
ba,RUI COSTA PIMENTA,724,0.00008
ba,SAMARA,4645,0.00054
ba,VETERINÁRIO WILSON GRASSI,623,0.00007
ba,ZEMA,6497,0.00076
ce,CLARIANA BARAO,1071,0.00019
ce,EDMILSON COSTA,783,0.00014
ce,ESCRITOR AUGUSTO CURY,140524,0.02501
ce,FLAVIO BOLSONARO,1756850,0.31273
ce,HERTZ DIAS,1491,0.00027
ce,LULA,3555263,0.63286
ce,RENAN SANTOS,107587,0.01915
ce,RONALDO CAIADO,45604,0.00812
ce,RUI COSTA PIMENTA,498,0.00009
ce,SAMARA,3352,0.00060
ce,VETERINÁRIO WILSON GRASSI,481,0.00009
ce,ZEMA,4310,0.00077
df,CLARIANA BARAO,716,0.00040
df,EDMILSON COSTA,334,0.00019
df,ESCRITOR AUGUSTO CURY,45979,0.02594
df,FLAVIO BOLSONARO,909616,0.51309
df,HERTZ DIAS,828,0.00047
df,LULA,675627,0.38111
df,RENAN SANTOS,46714,0.02635
df,RONALDO CAIADO,85076,0.04799
df,RUI COSTA PIMENTA,382,0.00022
df,SAMARA,2297,0.00130
df,VETERINÁRIO WILSON GRASSI,324,0.00018
df,ZEMA,4915,0.00277
es,CLARIANA BARAO,974,0.00043
es,EDMILSON COSTA,388,0.00017
es,ESCRITOR AUGUSTO CURY,65121,0.02893
es,FLAVIO BOLSONARO,1233194,0.54782
es,HERTZ DIAS,638,0.00028
es,LULA,850028,0.37761
es,RENAN SANTOS,53236,0.02365
es,RONALDO CAIADO,39097,0.01737
es,RUI COSTA PIMENTA,245,0.00011
es,SAMARA,1973,0.00088
es,VETERINÁRIO WILSON GRASSI,311,0.00014
es,ZEMA,5873,0.00261
go,CLARIANA BARAO,559,0.00015
go,EDMILSON COSTA,468,0.00012
go,ESCRITOR AUGUSTO CURY,53849,0.01407
go,FLAVIO BOLSONARO,2051888,0.53605
go,HERTZ DIAS,668,0.00017
go,LULA,1188880,0.31059
go,RENAN SANTOS,54105,0.01413
go,RONALDO CAIADO,472041,0.12332
go,RUI COSTA PIMENTA,260,0.00007
go,SAMARA,2087,0.00055
go,VETERINÁRIO WILSON GRASSI,346,0.00009
go,ZEMA,2672,0.00070
ma,CLARIANA BARAO,895,0.00022
ma,EDMILSON COSTA,475,0.00012
ma,ESCRITOR AUGUSTO CURY,84826,0.02116
ma,FLAVIO BOLSONARO,1238962,0.30900
ma,HERTZ DIAS,1459,0.00036
ma,LULA,2565499,0.63985
ma,RENAN SANTOS,60384,0.01506
ma,RONALDO CAIADO,50152,0.01251
ma,RUI COSTA PIMENTA,211,0.00005
ma,SAMARA,1795,0.00045
ma,VETERINÁRIO WILSON GRASSI,307,0.00008
ma,ZEMA,4582,0.00114
mg,CLARIANA BARAO,3408,0.00028
mg,EDMILSON COSTA,2296,0.00019
mg,ESCRITOR AUGUSTO CURY,409556,0.03422
mg,FLAVIO BOLSONARO,5774791,0.48253
mg,HERTZ DIAS,4082,0.00034
mg,LULA,5183534,0.43313
mg,RENAN SANTOS,247111,0.02065
mg,RONALDO CAIADO,230329,0.01925
mg,RUI COSTA PIMENTA,1421,0.00012
mg,SAMARA,11024,0.00092
mg,VETERINÁRIO WILSON GRASSI,1730,0.00014
mg,ZEMA,98375,0.00822
ms,CLARIANA BARAO,626,0.00042
ms,EDMILSON COSTA,332,0.00022
ms,ESCRITOR AUGUSTO CURY,39148,0.02627
ms,FLAVIO BOLSONARO,873351,0.58603
ms,HERTZ DIAS,353,0.00024
ms,LULA,516855,0.34682
ms,RENAN SANTOS,31847,0.02137
ms,RONALDO CAIADO,23291,0.01563
ms,RUI COSTA PIMENTA,183,0.00012
ms,SAMARA,1291,0.00087
ms,VETERINÁRIO WILSON GRASSI,209,0.00014
ms,ZEMA,2792,0.00187
mt,CLARIANA BARAO,1869,0.00094
mt,EDMILSON COSTA,239,0.00012
mt,ESCRITOR AUGUSTO CURY,40019,0.02008
mt,FLAVIO BOLSONARO,1298581,0.65148
mt,HERTZ DIAS,340,0.00017
mt,LULA,581681,0.29182
mt,RENAN SANTOS,33170,0.01664
mt,RONALDO CAIADO,33079,0.01660
mt,RUI COSTA PIMENTA,130,0.00007
mt,SAMARA,1584,0.00079
mt,VETERINÁRIO WILSON GRASSI,172,0.00009
mt,ZEMA,2424,0.00122
pa,CLARIANA BARAO,1293,0.00027
pa,EDMILSON COSTA,674,0.00014
pa,ESCRITOR AUGUSTO CURY,125148,0.02574
pa,FLAVIO BOLSONARO,2163705,0.44503
pa,HERTZ DIAS,1045,0.00021
pa,LULA,2426263,0.49904
pa,RENAN SANTOS,84155,0.01731
pa,RONALDO CAIADO,51985,0.01069
pa,RUI COSTA PIMENTA,308,0.00006
pa,SAMARA,3824,0.00079
pa,VETERINÁRIO WILSON GRASSI,440,0.00009
pa,ZEMA,3064,0.00063
pb,CLARIANA BARAO,604,0.00024
pb,EDMILSON COSTA,347,0.00014
pb,ESCRITOR AUGUSTO CURY,73831,0.02937
pb,FLAVIO BOLSONARO,831377,0.33073
pb,HERTZ DIAS,627,0.00025
pb,LULA,1541127,0.61308
pb,RENAN SANTOS,42247,0.01681
pb,RONALDO CAIADO,19511,0.00776
pb,RUI COSTA PIMENTA,274,0.00011
pb,SAMARA,1593,0.00063
pb,VETERINÁRIO WILSON GRASSI,221,0.00009
pb,ZEMA,1988,0.00079
pe,CLARIANA BARAO,869,0.00016
pe,EDMILSON COSTA,705,0.00013
pe,ESCRITOR AUGUSTO CURY,137960,0.02463
pe,FLAVIO BOLSONARO,1738043,0.31031
pe,HERTZ DIAS,1114,0.00020
pe,LULA,3553971,0.63452
pe,RENAN SANTOS,85865,0.01533
pe,RONALDO CAIADO,73176,0.01306
pe,RUI COSTA PIMENTA,410,0.00007
pe,SAMARA,2387,0.00043
pe,VETERINÁRIO WILSON GRASSI,457,0.00008
pe,ZEMA,6060,0.00108
pi,CLARIANA BARAO,504,0.00023
pi,EDMILSON COSTA,319,0.00015
pi,ESCRITOR AUGUSTO CURY,47690,0.02222
pi,FLAVIO BOLSONARO,516991,0.24090
pi,HERTZ DIAS,442,0.00021
pi,LULA,1523464,0.70987
pi,RENAN SANTOS,32274,0.01504
pi,RONALDO CAIADO,21626,0.01008
pi,RUI COSTA PIMENTA,146,0.00007
pi,SAMARA,1099,0.00051
pi,VETERINÁRIO WILSON GRASSI,193,0.00009
pi,ZEMA,1357,0.00063
pr,CLARIANA BARAO,2445,0.00037
pr,EDMILSON COSTA,1195,0.00018
pr,ESCRITOR AUGUSTO CURY,205095,0.03114
pr,FLAVIO BOLSONARO,3945345,0.59912
pr,HERTZ DIAS,2056,0.00031
pr,LULA,2054597,0.31200
pr,RENAN SANTOS,177434,0.02694
pr,RONALDO CAIADO,171294,0.02601
pr,RUI COSTA PIMENTA,917,0.00014
pr,SAMARA,6731,0.00102
pr,VETERINÁRIO WILSON GRASSI,962,0.00015
pr,ZEMA,17172,0.00261
rj,CLARIANA BARAO,4082,0.00044
rj,EDMILSON COSTA,2854,0.00030
rj,ESCRITOR AUGUSTO CURY,247397,0.02640
rj,FLAVIO BOLSONARO,4966844,0.53010
rj,HERTZ DIAS,3999,0.00043
rj,LULA,3693021,0.39415
rj,RENAN SANTOS,211843,0.02261
rj,RONALDO CAIADO,199844,0.02133
rj,RUI COSTA PIMENTA,1793,0.00019
rj,SAMARA,14186,0.00151
rj,VETERINÁRIO WILSON GRASSI,1930,0.00021
rj,ZEMA,21907,0.00234
rn,CLARIANA BARAO,405,0.00020
rn,EDMILSON COSTA,315,0.00015
rn,ESCRITOR AUGUSTO CURY,57367,0.02769
rn,FLAVIO BOLSONARO,720493,0.34775
rn,HERTZ DIAS,572,0.00028
rn,LULA,1237963,0.59750
rn,RENAN SANTOS,35261,0.01702
rn,RONALDO CAIADO,16407,0.00792
rn,RUI COSTA PIMENTA,177,0.00009
rn,SAMARA,1228,0.00059
rn,VETERINÁRIO WILSON GRASSI,185,0.00009
rn,ZEMA,1525,0.00074
ro,CLARIANA BARAO,356,0.00037
ro,EDMILSON COSTA,160,0.00017
ro,ESCRITOR AUGUSTO CURY,25280,0.02611
ro,FLAVIO BOLSONARO,652988,0.67453
ro,HERTZ DIAS,174,0.00018
ro,LULA,250667,0.25894
ro,RENAN SANTOS,19187,0.01982
ro,RONALDO CAIADO,16929,0.01749
ro,RUI COSTA PIMENTA,60,0.00006
ro,SAMARA,843,0.00087
ro,VETERINÁRIO WILSON GRASSI,97,0.00010
ro,ZEMA,1318,0.00136
rr,CLARIANA BARAO,168,0.00052
rr,EDMILSON COSTA,42,0.00013
rr,ESCRITOR AUGUSTO CURY,8579,0.02635
rr,FLAVIO BOLSONARO,231322,0.71057
rr,HERTZ DIAS,60,0.00018
rr,LULA,74420,0.22860
rr,RENAN SANTOS,6623,0.02034
rr,RONALDO CAIADO,3639,0.01118
rr,RUI COSTA PIMENTA,34,0.00010
rr,SAMARA,280,0.00086
rr,VETERINÁRIO WILSON GRASSI,41,0.00013
rr,ZEMA,337,0.00104
rs,CLARIANA BARAO,2066,0.00032
rs,EDMILSON COSTA,1031,0.00016
rs,ESCRITOR AUGUSTO CURY,195296,0.03041
rs,FLAVIO BOLSONARO,3573783,0.55640
rs,HERTZ DIAS,2146,0.00033
rs,LULA,2294759,0.35727
rs,RENAN SANTOS,167558,0.02609
rs,RONALDO CAIADO,158821,0.02473
rs,RUI COSTA PIMENTA,1043,0.00016
rs,SAMARA,6632,0.00103
rs,VETERINÁRIO WILSON GRASSI,923,0.00014
rs,ZEMA,18988,0.00296
sc,CLARIANA BARAO,1429,0.00032
sc,EDMILSON COSTA,828,0.00018
sc,ESCRITOR AUGUSTO CURY,134273,0.02983
sc,FLAVIO BOLSONARO,3000020,0.66654
sc,HERTZ DIAS,1503,0.00033
sc,LULA,1127168,0.25043
sc,RENAN SANTOS,132795,0.02950
sc,RONALDO CAIADO,79911,0.01775
sc,RUI COSTA PIMENTA,643,0.00014
sc,SAMARA,5049,0.00112
sc,VETERINÁRIO WILSON GRASSI,560,0.00012
sc,ZEMA,16718,0.00371
se,CLARIANA BARAO,457,0.00033
se,EDMILSON COSTA,204,0.00015
se,ESCRITOR AUGUSTO CURY,38895,0.02851
se,FLAVIO BOLSONARO,417839,0.30629
se,HERTZ DIAS,331,0.00024
se,LULA,856019,0.62749
se,RENAN SANTOS,21405,0.01569
se,RONALDO CAIADO,26651,0.01954
se,RUI COSTA PIMENTA,108,0.00008
se,SAMARA,991,0.00073
se,VETERINÁRIO WILSON GRASSI,138,0.00010
se,ZEMA,1158,0.00085
sp,CLARIANA BARAO,10563,0.00042
sp,EDMILSON COSTA,6129,0.00025
sp,ESCRITOR AUGUSTO CURY,892368,0.03586
sp,FLAVIO BOLSONARO,12922023,0.51931
sp,HERTZ DIAS,15815,0.00064
sp,LULA,9505413,0.38201
sp,RENAN SANTOS,804310,0.03232
sp,RONALDO CAIADO,579571,0.02329
sp,RUI COSTA PIMENTA,4429,0.00018
sp,SAMARA,42532,0.00171
sp,VETERINÁRIO WILSON GRASSI,5160,0.00021
sp,ZEMA,94635,0.00380
to,CLARIANA BARAO,171,0.00018
to,EDMILSON COSTA,117,0.00013
to,ESCRITOR AUGUSTO CURY,22434,0.02411
to,FLAVIO BOLSONARO,469321,0.50440
to,HERTZ DIAS,101,0.00011
to,LULA,404009,0.43421
to,RENAN SANTOS,12983,0.01395
to,RONALDO CAIADO,20189,0.02170
to,RUI COSTA PIMENTA,65,0.00007
to,SAMARA,395,0.00042
to,VETERINÁRIO WILSON GRASSI,67,0.00007
to,ZEMA,595,0.00064
zz,CLARIANA BARAO,825,0.00249
zz,EDMILSON COSTA,421,0.00127
zz,ESCRITOR AUGUSTO CURY,9734,0.02942
zz,FLAVIO BOLSONARO,143900,0.43490
zz,HERTZ DIAS,373,0.00113
zz,LULA,157387,0.47566
zz,RENAN SANTOS,8580,0.02593
zz,RONALDO CAIADO,4708,0.01423
zz,RUI COSTA PIMENTA,199,0.00060
zz,SAMARA,1053,0.00318
zz,VETERINÁRIO WILSON GRASSI,373,0.00113
zz,ZEMA,3329,0.01006
