pollster,data,data_fim,lula,flavio,branco_nao_sabe
Datafolha,3 Oct,2026-10-03,47.0,46.0,8.0
Quaest,2–3 Oct,2026-10-03,42.0,44.0,14.0
Futura,2–3 Oct,2026-10-03,45.1,48.0,6.9
Palver,30 Sep–3 Oct,2026-10-03,44.0,49.0,7.0
PoderData,30 Sep–2 Oct,2026-10-02,46.0,46.0,8.0
MDA,29 Sep–2 Oct,2026-10-02,47.0,43.0,10.0
AtlasIntel,27 Sep–2 Oct,2026-10-02,47.6,47.4,5.0
Vox Brasil,29 Sep–1 Oct,2026-10-01,45.2,48.2,6.6
Datafolha,28–30 Sep,2026-09-30,48.0,45.0,7.0
Real Time,26–30 Sep,2026-09-30,45.0,46.0,9.0
Indexa,27–29 Sep,2026-09-29,43.0,42.0,15.0
Futura,25–29 Sep,2026-09-29,43.5,49.0,7.5
Vox Brasil,26–28 Sep,2026-09-28,44.7,45.2,10.1
Ideia,25–28 Sep,2026-09-28,48.5,48.0,3.6
AtlasIntel,23–28 Sep,2026-09-28,47.6,47.7,4.8
Nexus,25–27 Sep,2026-09-27,46.0,44.0,9.0
Quaest,24–27 Sep,2026-09-27,42.0,42.0,16.0
Palver,24–27 Sep,2026-09-27,45.0,47.0,8.0
Datafolha,22–24 Sep,2026-09-24,47.0,45.0,8.0
Futura,18–24 Sep,2026-09-24,43.7,49.4,6.9
PoderData,20–23 Sep,2026-09-23,45.0,46.0,9.0
Palver,20–23 Sep,2026-09-23,45.0,48.0,7.0
Real Time,19–23 Sep,2026-09-23,44.0,45.0,11.0
AtlasIntel,17–22 Sep,2026-09-22,47.7,47.4,4.9
Nexus,18–20 Sep,2026-09-20,46.0,45.0,8.0
Quaest,17–20 Sep,2026-09-20,41.0,42.0,17.0
Palver,15–20 Sep,2026-09-20,43.0,47.0,10.0
Datafolha,15–16 Sep,2026-09-16,46.0,44.0,9.0
PoderData,13–16 Sep,2026-09-16,44.0,46.0,10.0
AtlasIntel,11–16 Sep,2026-09-16,46.8,47.2,6.0
Futura,11–15 Sep,2026-09-15,43.7,48.1,8.2
Nexus,11–13 Sep,2026-09-13,47.0,46.0,7.0
Quaest,10–13 Sep,2026-09-13,40.0,42.0,18.0
Indexa,10–13 Sep,2026-09-13,43.0,42.0,15.0
MDA,9–13 Sep,2026-09-13,47.3,40.0,12.7
Datafolha,8–10 Sep,2026-09-10,46.0,44.0,9.0
Futura,4–10 Sep,2026-09-10,45.0,45.4,9.6
PoderData,6–9 Sep,2026-09-09,45.0,47.0,8.0
AtlasIntel,4–9 Sep,2026-09-09,46.2,46.4,7.4
Palver,4–7 Sep,2026-09-07,44.0,46.0,10.0
Ideia,4–7 Sep,2026-09-07,46.0,46.0,8.0
Nexus,4–7 Sep,2026-09-07,45.0,46.0,9.0
Quaest,3–6 Sep,2026-09-06,41.0,41.0,18.0
Datafolha,1–2 Sep,2026-09-02,46.0,44.0,11.0
PoderData,30 Aug – 2 Sep,2026-09-02,44.0,45.0,11.0
Quaest,30 Aug – 1 Sep,2026-09-01,42.0,41.0,17.0
Futura,27 Aug – 1 Sep,2026-09-01,45.6,45.2,9.2
Real Time,27–31 Aug,2026-08-31,44.0,44.0,12.0
Nexus,28–30 Aug,2026-08-30,46.0,45.0,9.0
AtlasIntel,25–30 Aug,2026-08-30,47.1,42.6,10.3
Vox Brasil,25–27 Aug,2026-08-27,44.5,45.1,10.4
PoderData,23–26 Aug,2026-08-26,45.0,44.0,11.0
Nexus,21–23 Aug,2026-08-23,46.0,45.0,9.0
Indexa,20–23 Aug,2026-08-23,46.0,41.0,13.0
Datafolha,18–20 Aug,2026-08-20,47.0,43.0,11.0
Nexus,14–16 Aug,2026-08-16,47.0,44.0,9.0
