ano,turno,candidato,nome,partido,situacao,votos,pct_validos
2002,1,LULA,LUIZ INACIO LULA DA SILVA,PT,2º TURNO,39455233,46.44
2002,1,JOSÉ SERRA,JOSÉ SERRA,PSDB,2º TURNO,19705445,23.20
2002,1,GAROTINHO,ANTHONY WILLIAM GAROTINHO MATHEUS DE OLIVEIRA,PSB,NÃO ELEITO,15180097,17.87
2002,1,CIRO,CIRO FERREIRA GOMES,PPS,NÃO ELEITO,10170882,11.97
2002,1,ZÉ MARIA,JOSÉ MARIA DE ALMEIDA,PSTU,NÃO ELEITO,402236,0.47
2002,1,RUI COSTA PIMENTA,RUI COSTA PIMENTA,PCO,NÃO ELEITO,38619,0.05
2002,2,LULA,LUIZ INACIO LULA DA SILVA,PT,ELEITO,52793364,61.27
2002,2,JOSÉ SERRA,JOSÉ SERRA,PSDB,NÃO ELEITO,33370739,38.73
2006,1,LULA,LUIZ INACIO LULA DA SILVA,PT,2º TURNO,46662365,48.61
2006,1,GERALDO ALCKMIN,GERALDO JOSÉ RODRIGUES ALCKMIN FILHO,PSDB,2º TURNO,39968369,41.64
2006,1,HELOÍSA HELENA,HELOÍSA HELENA LIMA DE MORAES CARVALHO,PSOL,NÃO ELEITO,6575393,6.85
2006,1,CRISTOVAM BUARQUE,CRISTOVAM RICARDO CALVACANTI BUARQUE,PDT,NÃO ELEITO,2538844,2.64
2006,1,ANA MARIA RANGEL,ANA MARIA TEIXEIRA RANGEL,PRP,NÃO ELEITO,126404,0.13
2006,1,JOSÉ MARIA EYMAEL,JOSÉ MARIA EYMAEL,PSDC,NÃO ELEITO,63294,0.07
2006,1,LUCIANO BIVAR,LUCIANO CALDAS BIVAR,PSL,NÃO ELEITO,62064,0.06
2006,2,LULA,LUIZ INACIO LULA DA SILVA,PT,#NULO,58295042,60.83
2006,2,GERALDO ALCKMIN,GERALDO JOSÉ RODRIGUES ALCKMIN FILHO,PSDB,#NULO,37543178,39.17
2010,1,DILMA,DILMA VANA ROUSSEFF,PT,#NULO#,47651434,46.91
2010,1,JOSÉ SERRA,JOSÉ SERRA,PSDB,#NULO#,33132283,32.61
2010,1,MARINA SILVA,MARIA OSMARINA MARINA DA SILVA VAZ DE LIMA,PV,#NULO#,19636359,19.33
2010,1,PLÍNIO,PLÍNIO SOARES DE ARRUDA SAMPAIO,PSOL,#NULO#,886816,0.87
2010,1,EYMAEL,JOSE MARIA EYMAEL,PSDC,#NULO#,89350,0.09
2010,1,ZÉ MARIA,JOSÉ MARIA DE ALMEIDA,PSTU,#NULO#,84609,0.08
2010,1,LEVY FIDELIX,JOSE LEVY FIDELIX DA CRUZ,PRTB,#NULO#,57960,0.06
2010,1,IVAN PINHEIRO,IVAN MARTINS PINHEIRO,PCB,#NULO#,39136,0.04
2010,1,RUI COSTA PIMENTA,RUI COSTA PIMENTA,PCO,#NULO#,12206,0.01
2010,2,DILMA,DILMA VANA ROUSSEFF,PT,#NULO#,55752529,56.05
2010,2,JOSÉ SERRA,JOSÉ SERRA,PSDB,#NULO#,43711388,43.95
2014,1,DILMA,DILMA VANA ROUSSEFF,PT,2º TURNO,43267668,41.59
2014,1,AÉCIO NEVES,AÉCIO NEVES DA CUNHA,PSDB,2º TURNO,34897211,33.55
2014,1,MARINA SILVA,MARIA OSMARINA MARINA DA SILVA VAZ DE LIMA,PSB,NÃO ELEITO,22176619,21.32
2014,1,LUCIANA GENRO,LUCIANA KREBS GENRO,PSOL,NÃO ELEITO,1612186,1.55
2014,1,PASTOR EVERALDO,EVERALDO DIAS PEREIRA,PSC,NÃO ELEITO,780513,0.75
2014,1,EDUARDO JORGE,EDUARDO JORGE MARTINS ALVES SOBRINHO,PV,NÃO ELEITO,630099,0.61
2014,1,LEVY FIDELIX,JOSÉ LEVY FIDELIX DA CRUZ,PRTB,NÃO ELEITO,446878,0.43
2014,1,ZÉ MARIA,JOSÉ MARIA DE ALMEIDA,PSTU,NÃO ELEITO,91209,0.09
2014,1,EYMAEL,JOSE MARIA EYMAEL,PSDC,NÃO ELEITO,61250,0.06
2014,1,MAURO IASI,MAURO LUÍS IASI,PCB,NÃO ELEITO,47845,0.05
2014,1,RUI COSTA PIMENTA,RUI COSTA PIMENTA,PCO,NÃO ELEITO,12324,0.01
2014,2,DILMA,DILMA VANA ROUSSEFF,PT,ELEITO,54501118,51.64
2014,2,AÉCIO NEVES,AÉCIO NEVES DA CUNHA,PSDB,NÃO ELEITO,51041155,48.36
2018,1,JAIR BOLSONARO,JAIR MESSIAS BOLSONARO,PSL,2º TURNO,49277010,46.03
2018,1,FERNANDO HADDAD,FERNANDO HADDAD,PT,2º TURNO,31342051,29.28
2018,1,CIRO GOMES,CIRO FERREIRA GOMES,PDT,NÃO ELEITO,13344371,12.47
2018,1,GERALDO ALCKMIN,GERALDO JOSÉ RODRIGUES ALCKMIN FILHO,PSDB,NÃO ELEITO,5096350,4.76
2018,1,JOÃO AMOÊDO,JOÃO DIONISIO FILGUEIRA BARRETO AMOEDO,NOVO,NÃO ELEITO,2679745,2.50
2018,1,CABO DACIOLO,BENEVENUTO DACIOLO FONSECA DOS SANTOS,PATRI,NÃO ELEITO,1348323,1.26
2018,1,HENRIQUE MEIRELLES,HENRIQUE DE CAMPOS MEIRELLES,MDB,NÃO ELEITO,1288950,1.20
2018,1,MARINA SILVA,MARIA OSMARINA MARINA DA SILVA VAZ DE LIMA,REDE,NÃO ELEITO,1069578,1.00
2018,1,ALVARO DIAS,ALVARO FERNANDES DIAS,PODE,NÃO ELEITO,859601,0.80
2018,1,GUILHERME BOULOS,GUILHERME CASTRO BOULOS,PSOL,NÃO ELEITO,617122,0.58
2018,1,VERA,VERA LUCIA PEREIRA DA SILVA SALGADO,PSTU,NÃO ELEITO,55762,0.05
2018,1,EYMAEL,JOSE MARIA EYMAEL,DC,NÃO ELEITO,41710,0.04
2018,1,JOÃO GOULART FILHO,JOÃO VICENTE FONTELLA GOULART,PPL,NÃO ELEITO,30176,0.03
2018,2,JAIR BOLSONARO,JAIR MESSIAS BOLSONARO,PSL,ELEITO,57797847,55.13
2018,2,FERNANDO HADDAD,FERNANDO HADDAD,PT,NÃO ELEITO,47040906,44.87
2022,1,LULA,LUIZ INÁCIO LULA DA SILVA,PT,2º TURNO,57259504,48.43
2022,1,JAIR BOLSONARO,JAIR MESSIAS BOLSONARO,PL,2º TURNO,51072345,43.20
2022,1,SIMONE TEBET,SIMONE NASSAR TEBET,MDB,NÃO ELEITO,4915423,4.16
2022,1,CIRO GOMES,CIRO FERREIRA GOMES,PDT,NÃO ELEITO,3599287,3.04
2022,1,SORAYA THRONICKE,SORAYA VIEIRA THRONICKE,UNIÃO,NÃO ELEITO,600955,0.51
2022,1,FELIPE D AVILA,LUIZ FELIPE CHAVES D AVILA,NOVO,NÃO ELEITO,559708,0.47
2022,1,PADRE KELMON,KELMON LUIS DA SILVA SOUZA,PTB,NÃO ELEITO,81129,0.07
2022,1,LÉO PÉRICLES,LEONARDO PÉRICLES VIEIRA ROQUE,UP,NÃO ELEITO,53519,0.05
2022,1,SOFIA MANZANO,SOFIA PADUA MANZANO,PCB,NÃO ELEITO,45620,0.04
2022,1,VERA,VERA LUCIA PEREIRA DA SILVA SALGADO,PSTU,NÃO ELEITO,25625,0.02
2022,1,CONSTITUINTE EYMAEL,JOSE MARIA EYMAEL,DC,NÃO ELEITO,16604,0.01
2022,2,LULA,LUIZ INÁCIO LULA DA SILVA,PT,ELEITO,60345999,50.90
2022,2,JAIR BOLSONARO,JAIR MESSIAS BOLSONARO,PL,NÃO ELEITO,58206354,49.10
