uf,apur_eleit,lula_pct,flavio_pct,outros_pct,p_lula_lidera,validos_proj,validos_atual,lula_proj,flavio_proj
ac,0.9779,0.2870,0.6457,0.0673,0.000,469172,458909,134650,302957
al,0.5391,0.5402,0.4111,0.0486,1.000,1840516,984786,994272,756709
am,0.8584,0.4774,0.4542,0.0685,1.000,2168291,1869346,1035095,984751
ap,0.8053,0.4578,0.4552,0.0870,0.649,465466,373205,213073,211882
ba,0.6601,0.6497,0.2958,0.0545,1.000,8600622,5653859,5588244,2544009
ce,0.6881,0.6230,0.3206,0.0565,1.000,5621651,3877905,3502075,1802049
df,0.9942,0.3812,0.5129,0.1058,0.000,1773069,1762818,675953,909488
es,0.9917,0.3770,0.5483,0.0746,0.000,2251051,2233268,848702,1234363
go,0.9153,0.3090,0.5379,0.1532,0.000,3833997,3509838,1184537,2062229
ma,0.7399,0.6328,0.3155,0.0517,1.000,4020201,2973149,2544048,1268247
mg,0.8098,0.4308,0.4841,0.0850,0.000,11987859,9711430,5164675,5803782
ms,0.9931,0.3453,0.5874,0.0673,0.000,1491414,1481367,514987,876090
mt,0.9559,0.2908,0.6524,0.0568,0.000,1994754,1908448,580123,1301305
pa,0.8369,0.4933,0.4498,0.0569,1.000,4861523,4061655,2398277,2186665
pb,0.9756,0.6130,0.3308,0.0562,1.000,2514202,2453666,1541214,831580
pe,0.7474,0.6322,0.3124,0.0554,1.000,5617616,4206947,3551523,1755151
pi,0.8450,0.7029,0.2469,0.0503,1.000,2147075,1812419,1509150,530028
pr,0.9915,0.3119,0.5992,0.0889,0.000,6585437,6529089,2054096,3945807
rj,0.7159,0.4004,0.5238,0.0758,0.000,9362935,6752692,3749258,4904052
rn,0.8284,0.5937,0.3509,0.0554,1.000,2077079,1719226,1233083,728836
ro,0.9799,0.2590,0.6744,0.0666,0.000,968032,948542,250734,652840
rr,0.9823,0.2266,0.7124,0.0611,0.000,325410,319659,73726,231809
rs,0.9786,0.3575,0.5561,0.0864,0.000,6424761,6281726,2296615,3573098
sc,0.9478,0.2505,0.6661,0.0833,0.000,4499966,4268543,1127380,2997568
se,0.9197,0.6253,0.3083,0.0664,1.000,1365587,1257168,853905,421050
sp,0.8986,0.3818,0.5194,0.0988,0.000,24894525,22382481,9503693,12930702
to,0.9872,0.4342,0.5045,0.0614,0.000,930427,918383,403945,469368
zz,0.6804,0.4728,0.4271,0.1002,1.000,364564,240700,172350,155696
