pollster,data,lula,flavio,caiado,zema,santos,cury,outros,branco_nao_sabe
Datafolha,3 Oct,42.0,40.0,4.0,0.0,3.0,3.0,0.0,7.0
Quaest,2–3 Oct,40.0,38.0,3.0,0.0,3.0,3.0,0.0,13.0
Futura,2–3 Oct,40.5,42.5,3.7,0.8,2.6,3.9,1.0,2.6
Palver,30 Sep–3 Oct,43.0,47.0,1.0,0.0,7.0,1.0,0.0,0.0
PoderData,30 Sep–2 Oct,42.0,41.0,2.0,1.0,3.0,3.0,1.0,6.0
MDA,29 Sep–2 Oct,43.1,38.0,3.0,0.8,1.5,3.2,0.5,9.7
AtlasIntel,27 Sep–2 Oct,46.7,43.8,1.4,0.3,4.6,2.1,0.6,0.6
Vox Brasil,29 Sep–1 Oct,40.4,41.2,3.3,1.3,2.2,1.2,0.2,10.2
Datafolha,28–30 Sep,42.0,38.0,3.0,1.0,3.0,4.0,2.0,7.0
Real Time,26–30 Sep,43.0,39.0,3.0,1.0,4.0,3.0,1.0,6.0
Indexa,27–29 Sep,39.0,34.0,4.0,1.0,3.0,4.0,0.0,11.0
Futura,25–29 Sep,39.4,42.2,4.0,1.6,3.2,3.8,0.8,5.0
Vox Brasil,26–28 Sep,41.4,37.8,3.8,1.8,2.7,2.2,0.3,10.3
Ideia,25–28 Sep,39.4,38.4,4.4,3.5,4.5,6.7,1.4,2.2
AtlasIntel,23–28 Sep,45.3,42.2,1.8,0.9,5.2,2.0,0.5,2.1
Nexus,25–27 Sep,42.0,37.0,5.0,1.0,4.0,5.0,1.0,5.0
Quaest,24–27 Sep,39.0,34.0,4.0,1.0,3.0,4.0,0.0,15.0
Palver,24–27 Sep,44.0,44.0,1.0,1.0,8.0,1.0,0.0,2.0
Datafolha,22–24 Sep,40.0,36.0,4.0,1.0,3.0,5.0,1.0,7.0
Futura,18–24 Sep,38.4,40.4,5.7,0.9,2.4,5.6,1.2,5.3
PoderData,20–23 Sep,41.0,39.0,2.0,1.0,3.0,6.0,3.0,6.0
Palver,20–23 Sep,43.0,43.0,1.0,1.0,8.0,2.0,1.0,2.0
Real Time,19–23 Sep,41.0,37.0,2.0,1.0,6.0,6.0,1.0,6.0
AtlasIntel,17–22 Sep,45.8,43.4,1.3,0.9,4.5,2.1,0.8,1.2
Nexus,18–20 Sep,40.0,37.0,5.0,1.0,3.0,6.0,1.0,6.0
Quaest,17–20 Sep,37.0,33.0,4.0,1.0,3.0,6.0,1.0,15.0
Palver,15–20 Sep,41.0,42.0,1.0,1.0,11.0,2.0,1.0,1.0
Datafolha,15–16 Sep,39.0,36.0,4.0,2.0,3.0,6.0,2.0,9.0
PoderData,13–16 Sep,37.0,36.0,3.0,1.0,3.0,8.0,6.0,6.0
AtlasIntel,11–16 Sep,44.1,41.7,1.7,1.1,5.1,3.5,0.7,2.1
Futura,11–15 Sep,38.3,37.7,4.5,1.0,3.4,6.5,2.4,6.1
Nexus,11–13 Sep,42.0,37.0,5.0,1.0,2.0,6.0,1.0,6.0
Quaest,10–13 Sep,36.0,31.0,4.0,1.0,4.0,7.0,0.0,17.0
Indexa,10–13 Sep,38.0,34.0,4.0,1.0,3.0,6.0,0.0,14.0
MDA,9–13 Sep,40.5,30.4,3.0,1.0,2.7,6.0,2.9,13.5
Datafolha,8–10 Sep,39.0,35.0,4.0,2.0,3.0,6.0,4.0,10.0
Futura,4–10 Sep,39.2,33.6,4.4,0.7,4.3,6.4,3.0,8.3
PoderData,6–9 Sep,38.0,36.0,2.0,1.0,3.0,10.0,5.0,4.0
AtlasIntel,4–9 Sep,43.0,37.4,1.1,2.1,6.5,6.6,2.3,1.0
Palver,4–7 Sep,40.0,39.0,1.0,1.0,11.0,4.0,1.0,2.0
Ideia,4–7 Sep,38.4,37.3,4.0,1.5,4.0,6.6,3.1,5.3
Nexus,4–7 Sep,39.0,35.0,4.0,1.0,4.0,9.0,2.0,5.0
Quaest,3–6 Sep,36.0,29.0,3.0,2.0,3.0,8.0,1.0,18.0
Datafolha,1–2 Sep,38.0,33.0,4.0,2.0,3.0,8.0,3.0,9.0
PoderData,30 Aug – 2 Sep,37.0,34.0,2.0,1.0,3.0,10.0,8.0,7.0
Quaest,30 Aug – 1 Sep,37.0,29.0,1.0,1.0,3.0,10.0,1.0,18.0
Futura,27 Aug – 1 Sep,38.7,33.6,3.5,1.6,2.8,9.9,3.8,6.1
Real Time,27–31 Aug,38.0,30.0,4.0,2.0,7.0,11.0,2.0,6.0
Nexus,28–30 Aug,39.0,33.0,5.0,1.0,3.0,11.0,1.0,6.0
AtlasIntel,25–30 Aug,43.4,33.7,3.3,1.0,7.6,7.8,4.0,0.3
Vox Brasil,25–27 Aug,37.1,34.8,5.0,2.8,3.3,2.6,4.1,10.3
PoderData,23–26 Aug,38.0,35.0,4.0,2.0,4.0,4.0,7.0,7.0
Nexus,21–23 Aug,41.0,37.0,5.0,3.0,3.0,2.0,1.0,8.0
Indexa,20–23 Aug,39.0,34.0,5.0,1.0,4.0,1.0,0.0,16.0
Datafolha,18–20 Aug,39.0,33.0,5.0,3.0,4.0,2.0,4.0,10.0
Nexus,14–16 Aug,41.0,36.0,5.0,4.0,4.0,1.0,1.0,7.0
