uf,nome,regiao,validos_1t_proj,lula_1t,flavio_1t,lula_2t_mediana,lula_2t_p05,lula_2t_p95,p_lula_vence_uf,validos_2t_M1
ac,Acre,Norte,469172,0.2870,0.6457,0.3036,0.2729,0.3503,0.001,463061
al,Alagoas,Nordeste,1840516,0.5402,0.4111,0.5587,0.5303,0.6105,0.993,1830993
am,Amazonas,Norte,2168292,0.4774,0.4542,0.5015,0.4710,0.5541,0.530,2127010
ap,Amapá,Norte,465466,0.4578,0.4552,0.4884,0.4568,0.5408,0.309,456389
ba,Bahia,Nordeste,8600621,0.6497,0.2958,0.6746,0.6487,0.7192,1.000,8550604
ce,Ceará,Nordeste,5621652,0.6230,0.3206,0.6474,0.6208,0.6941,0.999,5588735
df,Distrito Federal,Centro-Oeste,1773069,0.3812,0.5129,0.4207,0.3848,0.4719,0.012,1776055
es,Espírito Santo,Sudeste,2251050,0.3770,0.5483,0.4005,0.3731,0.4530,0.006,2278215
go,Goiás,Centro-Oeste,3833998,0.3090,0.5379,0.3681,0.3343,0.4189,0.002,3838766
ma,Maranhão,Nordeste,4020201,0.6328,0.3155,0.6556,0.6294,0.7016,1.000,3997644
mg,Minas Gerais,Sudeste,11987859,0.4308,0.4841,0.4599,0.4316,0.5126,0.095,12128158
ms,Mato Grosso do Sul,Centro-Oeste,1491414,0.3453,0.5874,0.3661,0.3361,0.4169,0.002,1501834
mt,Mato Grosso,Centro-Oeste,1994754,0.2908,0.6524,0.3065,0.2783,0.3536,0.001,2016216
pa,Pará,Norte,4861523,0.4933,0.4498,0.5119,0.4836,0.5649,0.760,4769796
pb,Paraíba,Nordeste,2514202,0.6130,0.3308,0.6375,0.6109,0.6851,0.999,2499585
pe,Pernambuco,Nordeste,5617616,0.6322,0.3124,0.6570,0.6307,0.7030,1.000,5584939
pi,Piauí,Nordeste,2147074,0.7029,0.2469,0.7275,0.7030,0.7670,1.000,2134781
pr,Paraná,Sul,6585437,0.3119,0.5992,0.3346,0.3061,0.3836,0.001,6648593
rj,Rio de Janeiro,Sudeste,9362935,0.4004,0.5238,0.4252,0.3970,0.4779,0.016,9476730
rn,Rio Grande do Norte,Nordeste,2077080,0.5937,0.3509,0.6170,0.5898,0.6660,0.999,2065213
ro,Rondônia,Norte,968032,0.2590,0.6744,0.2742,0.2440,0.3180,0.000,956308
rr,Roraima,Norte,325410,0.2266,0.7124,0.2389,0.2081,0.2787,0.000,321902
rs,Rio Grande do Sul,Sul,6424761,0.3575,0.5561,0.3798,0.3509,0.4307,0.003,6476977
sc,Santa Catarina,Sul,4499966,0.2505,0.6661,0.2702,0.2430,0.3140,0.000,4555498
se,Sergipe,Nordeste,1365587,0.6253,0.3083,0.6553,0.6287,0.7010,1.000,1356811
sp,São Paulo,Sudeste,24894525,0.3818,0.5194,0.4142,0.3860,0.4662,0.009,25152010
to,Tocantins,Norte,930427,0.4342,0.5045,0.4530,0.4236,0.5061,0.070,914349
zz,Exterior,Exterior,364564,0.4728,0.4271,0.5103,0.4785,0.5625,0.704,365390
